salary,education,risk
2.9952836474739044,4.591453086630322,1.0
0.7426908386264179,1.6167059111125581,0.0
1.0927069583092717,1.9843224305581686,0.0
3.1424774849603123,3.6357219137503214,1.0
0.8280914325632599,0.855874362855101,0.0
0.4843603478792533,0.9593084855715862,0.0
5.235933485031648,5.190694172775956,1.0
4.3015727889392,6.118591435639299,1.0
3.784210107669478,4.989072457499439,1.0
3.8832384372414843,3.530141345474918,1.0
-0.7462515650507291,-0.6465985538963044,0.0
1.7767675652257937,2.4692719207605003,0.0
2.9415015122834203,5.376798341889645,1.0
3.358430825719729,5.600621936859934,1.0
0.5547716275149417,-0.07385651698510398,0.0
5.9853857460893884,5.447165600668223,1.0
4.746652982921191,3.330498544626595,1.0
1.4107257268100637,3.071247370904453,0.0
2.6436599226104516,0.9409402244094136,0.0
1.42974316203667,0.0011547735449926044,0.0
5.04847626090449,4.9360882629685,1.0
4.701588698091443,5.9463578933751124,1.0
4.417175200765296,4.112867584693167,1.0
3.6508518755712456,4.1061417214223885,1.0
1.0524128935170352,0.20764304178089188,0.0
-0.15017727463196207,1.6251338730558191,0.0
0.4561121396067279,0.42757627131802056,0.0
4.438935371376575,3.582445752625357,1.0
3.0997004391544607,2.098986264128935,1.0
0.9448459669845424,0.4435634421627913,0.0
1.2249381711706775,0.7982582800538572,0.0
2.0080594079723104,-0.6597645996619972,0.0
4.534236507223284,4.293705121034891,1.0
1.2340803175115087,0.9077825922332848,0.0
3.84115108147823,2.470228605903329,1.0
4.351112077202247,6.178443589355428,1.0
3.594270472350908,4.781775190375615,1.0
3.402661556239329,0.5531802612547736,0.0
1.6459306588556268,3.102412187212069,0.0
3.764917770190986,2.7391721943458593,1.0
4.314753778811734,6.467651056434603,1.0
-0.2022518961846751,1.5610674934883237,0.0
1.0615683840014947,0.6666277592491099,0.0
1.6694207173586202,0.6623378321353663,0.0
4.319356421091224,4.4609029016717185,1.0
2.234406748629618,5.214113551069882,1.0
1.7134376812227574,0.4780283063209836,0.0
0.07240009663697022,1.0920436123577675,0.0
5.045169505077789,3.920064762864187,1.0
4.288164296038531,5.568179694288547,1.0
1.9368345976977404,0.5412506278202398,0.0
4.671740933577541,4.175139499580083,1.0
-0.7362319838345879,-1.1661292366043408,0.0
4.842224738382655,4.203580797327478,1.0
2.629163708895243,3.792272386833961,1.0
4.61224619516175,5.710275068126874,1.0
3.9348527713309487,2.334252857236698,1.0
6.218270994674485,3.893882067825509,1.0
1.4135979929109475,0.6418557857244298,0.0
3.1088130778713197,3.217312253008668,1.0
1.449444740155119,3.3468523194672315,0.0
-1.102847877764015,2.067588509883906,0.0
4.350443006223562,6.448004803835113,1.0
4.985026770226837,3.220741952512699,1.0
2.62880752244613,0.6528852032186288,0.0
1.972931048242256,3.2162841745932926,1.0
0.13617490164793689,2.5122033065207807,0.0
2.284789374967577,2.3566064073934014,0.0
-0.22160165507808283,2.2131427120801126,0.0
0.5251661343108573,1.3275798582951945,0.0
4.846841286198217,4.15665175697727,1.0
4.226126349249449,3.8841192694090587,1.0
0.7265305633768366,0.582231665911856,0.0
-0.3733995335660616,1.7714953952659833,0.0
3.632885336193689,3.7124155478690306,1.0
2.0866576222981212,1.1490886784416143,0.0
4.3413876539257865,3.9630324688582057,1.0
5.038499547337889,1.7523295012653541,1.0
5.271820623893551,3.8804470170989314,1.0
4.254564689519921,2.7622748254015264,1.0
5.40469976548858,3.6541087606014617,1.0
3.74644198197284,4.192122293094194,1.0
0.44393466733948383,0.29012374740678226,0.0
-0.3651305040728432,-0.17058145041331807,0.0
4.665172154945068,3.5067769480065953,1.0
2.7741640192619452,3.778206863600506,1.0
0.3751772694662373,2.140080123364398,0.0
5.188316753984644,3.7542546124516205,1.0
1.3059787832718914,1.6259765883025223,0.0
4.105936373524038,2.7619824725849593,1.0
1.640958549069372,0.18012146136222884,0.0
4.511588764461603,3.7664723241339964,1.0
-0.940381931286536,0.7301629241143839,0.0
3.2363956611766516,4.480788743093192,1.0
0.8165830923746008,3.2348494017674883,0.0
3.97609155739928,2.4424575279690055,1.0
0.6456301712183972,0.7467125917988833,0.0
0.3952585915986735,1.5380414996112903,0.0
3.8810366128999756,4.734961349333194,1.0
1.3224593714712276,2.7468182456632206,0.0
2.274473433484782,0.9945799839468569,0.0
1.7955764200133915,3.0037599064676686,0.0
4.1475810544485725,5.46352335449629,1.0
-0.38534954827414625,0.4290317046132751,0.0
0.5437351937759425,0.1520828365886605,0.0
0.2981080062722411,-1.368022048269042,0.0
4.912009636964328,4.335331957643734,1.0
4.117792925288912,4.938718316001759,1.0
2.7108752987062514,3.0258004077418628,1.0
5.397819385826871,4.12466677507838,1.0
1.2804897784996245,2.3604656290956556,0.0
2.9203026160411514,3.8769301714898603,1.0
4.261098018711781,2.630630794342069,1.0
3.6566547511072107,3.459635668642898,1.0
3.336249075338448,5.281573840634697,1.0
4.16875360875235,3.95000282182839,1.0
1.2565861750157368,2.4371447373006823,0.0
4.6741395177077605,3.7934817636111693,1.0
2.823700959954965,4.4306509936505085,1.0
-0.8172406334951787,0.6429087692566725,0.0
0.7094407473878312,2.3221668589312268,0.0
0.3221361042877259,2.2834231409124337,0.0
4.836733930671473,3.8308121929680863,1.0
0.1622520389094113,0.13082140645238793,0.0
3.4364943288038567,4.854828756312668,1.0
5.902304041632004,4.279605392180011,1.0
0.17777438458296435,1.900703322953306,0.0
2.033795247143717,2.1312248864362635,1.0
5.6114572939933485,4.23933926643124,1.0
0.43387804112254524,0.8680507743353181,0.0
0.684347860683659,0.5999281593175357,0.0
2.022271719342093,2.256627704101093,1.0
0.3784120887305813,0.2974878783817714,0.0
1.9501211175304478,1.947994230893896,0.0
0.9468839392450399,1.1415575308266608,0.0
3.3652397687592845,3.766544896102808,1.0
0.9407039352153608,-0.9670906061819757,0.0
6.650689880894301,3.5150802353604105,1.0
0.26965662778108923,0.9451019195335806,0.0
2.184805330031529,-0.25336755526610655,0.0
0.07963989353602818,1.363997204251674,0.0
4.292741076635003,3.8179800582028016,1.0
2.9556168533851697,5.027838928822456,1.0
3.8173910620218217,4.211447859119633,1.0
0.15662782713916534,0.7366458368361446,0.0
0.2676122886724416,0.1556364066477025,0.0
2.0218972255861836,1.6322870410746675,0.0
0.48334677556505135,0.11718948225323023,0.0
5.24111236027804,3.902586681662258,1.0
4.498539066639558,3.767798372084025,1.0
4.056314729454103,4.545784465287417,1.0
2.3650558638774086,4.434937274593366,1.0
4.785096499059197,3.5122755830528263,1.0
0.2327142110149928,-0.17576592526547685,0.0
1.5294424679858762,0.6777927591290855,0.0
5.301955311884155,4.59436083402319,1.0
2.219050170568197,0.9506289583647893,0.0
3.0615241354060174,3.289123094452333,1.0
3.976129452057011,5.034350702473927,1.0
0.5859958418392275,0.4692812548195978,0.0
0.5112731332039995,0.9183265896169834,0.0
4.350524692767779,3.3533437200747858,1.0
1.9741996870398966,0.2792229149913711,0.0
0.7227856490719919,0.384819592471654,0.0
2.2819956241718327,1.7483067267180321,0.0
3.6090178146935967,5.255173731709571,1.0
4.61122978286757,3.7963969211395026,1.0
0.35373581069142657,0.5911582309517255,0.0
1.3067956266406573,1.1748967306695466,0.0
1.3809302465057811,1.4593029046670556,0.0
6.065625718141938,5.042052414291836,1.0
3.38608647734331,0.9738766202099282,0.0
0.6956360625210212,-0.6770503619995774,0.0
2.144966361529093,2.1053378086683825,0.0
0.24858482093516054,-0.3591357321032653,0.0
2.0651104225621584,1.4627688631827906,0.0
0.649030062233819,-0.9457316593512803,0.0
0.8928000526661898,-0.16267969321904774,0.0
1.7445487763287257,1.798409585321528,0.0
-0.3255350677521993,1.9867548157534807,0.0
1.9777734010960881,2.1489171198841563,0.0
1.9822813473255834,4.540540713101263,1.0
0.8689366193826323,-0.15865248934277254,0.0
0.9565579045188816,1.6703154562651323,0.0
2.5688815325996806,2.736503136495269,1.0
4.754554919049384,2.9751973101582463,1.0
2.1786533597479067,0.7545175333817645,0.0
2.452694609082471,5.3448065106282305,1.0
1.377955276136488,0.7311048913422888,0.0
1.0612866579900595,0.541884293018567,0.0
4.656064026811423,5.7380860157439395,1.0
-0.8758456593054911,2.397122388311079,0.0
-0.26946497481044385,2.2305011360617057,0.0
3.895123216033523,3.0095761109650407,1.0
-0.7013432058615683,0.6887219607501813,0.0
5.128785153109877,3.3021899695282855,1.0
1.1049989799744329,1.4308933731427556,0.0
0.7419211618043295,0.1821589202954529,0.0
3.9407065631598073,4.478315040724284,1.0
4.581966959633171,3.7063059987194267,1.0
0.3105152304622498,0.7374458135397273,0.0
0.4643006869641537,2.0882749623546712,0.0
3.5907307993893918,3.752524726932378,1.0
4.90113478061616,3.892811920036163,1.0
0.5432632780659747,-0.013753265646994306,0.0
2.103664337013979,0.35680107489957524,0.0
0.10556493436067438,1.4816884152301892,0.0
0.45731725339317153,0.6816776568834743,0.0
3.593923770740023,2.600748533023438,1.0
3.3859468383859026,3.7052910011990843,1.0
3.197684371306357,1.6212546737978035,0.0
6.165262489032404,2.8760865089577887,1.0
1.3960577288242693,-1.3645052280565828,0.0
4.78471064568951,3.1036923329449446,1.0
1.3837903072547793,1.284567819990297,0.0
2.5679949190966864,0.020550791490167697,0.0
4.35347761380385,3.792720514278562,1.0
4.515345245131191,6.384124623033886,1.0
2.7586292148583444,2.9344899428259192,0.0
1.230826838434986,-0.8026290655035815,0.0
4.773624061911547,3.2604530553524294,1.0
5.2466007465177515,4.5247904593050245,1.0
0.5573705145076926,2.285930678307129,0.0
1.552410328326161,1.8025561652422493,0.0
5.294729006031245,5.509372958545918,1.0
6.397813942922756,3.521930654839185,1.0
3.8084779465007497,4.794697627725096,1.0
3.376380991722184,3.636813798572831,1.0
3.475826176700087,3.581425976889116,1.0
3.594373406193174,3.8891176374770393,1.0
2.9752470329547163,4.160399162942559,1.0
3.4268866384404104,2.6795524541085443,1.0
-0.28893376624996603,0.08787056639606428,0.0
2.7624980981453513,-0.541320533932864,0.0
0.9964639956366369,1.1813633309759028,0.0
2.3287415319111107,1.366574315982987,0.0
4.3427263987621005,4.872630165412906,1.0
3.3415597847176346,3.5209654344074184,1.0
4.5653862489237955,4.649446035484592,1.0
0.8131468423883783,0.3905623370151986,0.0
1.673595042487218,-0.6670939785289345,0.0
1.6008178479909017,1.3325311954420707,0.0
-0.45127910088584944,0.7056571045968658,0.0
2.238051976212404,3.1026670402033165,0.0
4.511877661449282,6.793165761731142,1.0
-0.32216747535668255,1.1239284803286242,0.0
0.4148041602276522,-1.1820940172512029,0.0
2.463604791228036,4.6341490647799795,1.0
3.88772752880584,3.63781955285776,1.0
1.9727125698488321,1.958510172939397,0.0
4.892564031515495,4.0110226967757985,1.0
2.1529184015607354,4.2178939470220005,1.0
1.3102902640857765,-0.13224115688211557,0.0
1.8114001103368749,1.6321809451455471,0.0
6.204885697984325,3.547910713083185,1.0
3.8693790772279097,4.49298520478015,1.0
0.9071404309296071,1.3321246677077916,0.0
1.9403688959465684,1.529431651844911,0.0
2.6476735488938856,3.0701817093338346,1.0
-0.21783840442420543,0.6581389239808207,0.0
0.47203401926685407,2.0155751234446155,0.0
1.472329187707789,2.0016861123944287,0.0
3.205327069258775,4.653477567329737,1.0
4.565152669656627,3.85257974227298,1.0
1.1109075816286158,0.09863810146475105,0.0
0.334219940949524,2.062237287400832,0.0
4.73050744713953,2.3015985088380866,1.0
3.6145231832939504,5.560208780967233,1.0
5.656716624478292,4.667889608833442,1.0
1.0758630555015618,2.086745400294435,0.0
4.231822232471312,3.3613075179615626,1.0
1.403086576569112,-1.0190675594950798,0.0
1.7073800104084906,3.58850305390476,1.0
1.332169448416834,0.7203848526890508,0.0
-0.5783607236769657,1.5757469492357523,0.0
2.037481482616178,2.7031378742295846,1.0
2.987315953941674,5.161102700321424,1.0
4.1011950846469,3.8931972387351594,1.0
-0.2949085685215258,1.6759350326133315,0.0
1.3849655844906743,1.1936146028941883,0.0
1.3153173126641045,1.2023409030759387,0.0
5.758472924542783,3.446890659186177,1.0
0.6459825218314617,-0.12684150012575302,0.0
4.780046309451245,5.0588170217111905,1.0
1.5166850142626425,0.2638299211458073,0.0
0.9732145355416949,0.7552297630092181,0.0
3.9223883040691763,2.154673633761024,1.0
3.01188633300407,3.706021189130204,1.0
3.5186054483712454,3.1890881893732574,1.0
0.8729189236110443,0.18288884082713375,0.0
1.4116466132243066,1.3156340444185521,0.0
2.0128958506138313,3.359167707479302,1.0
1.336468715283253,2.6171057084277893,0.0
2.6219881789395902,2.352056059364993,0.0
2.0353395670970738,0.015658348457303184,0.0
5.744459991154389,3.04189983179167,1.0
2.3945761925872353,2.696109502201496,1.0
4.177755571378968,4.506105730381188,1.0
0.692214349478713,0.10695917168449032,0.0
4.331100821506853,5.011905840445474,1.0
-0.3489493825390497,-0.5794374836476925,0.0
0.9431316667363435,0.11173631529244588,0.0
3.687950212911609,4.418444614850224,1.0
-1.3951407077111377,-0.17508167490682092,0.0
-0.16695679498799754,0.8629026240533482,0.0
4.332349949531517,5.134973173081906,1.0
4.71195901651984,4.918269151479415,1.0
3.6809203210360106,2.538586357687933,1.0
2.860948442768227,4.369395939872018,1.0
4.955478724768815,2.9647179433058026,1.0
3.992170784425138,4.365266241306854,1.0
4.94250040894014,1.020403228938866,1.0
3.241275030878646,4.245330708014507,1.0
3.672795694248848,5.454074618855186,1.0
3.298904408446363,3.2893836144030497,1.0
3.6275842542350882,3.032673910388399,1.0
6.40432560593735,3.260643261491328,1.0
3.5079777127077283,4.896598530665937,1.0
4.220496898946745,2.6268858153449104,1.0
0.15989423829158145,2.3476408729109837,0.0
3.517906861164521,4.089587612589516,1.0
3.0154133519834967,5.48597941403891,1.0
1.9236356169193978,2.947876204823222,0.0
2.687119117784658,4.243872143006352,1.0
4.196935055195751,4.156574951643913,1.0
1.0963513201624797,2.1206023000106553,0.0
2.4545997078887316,3.991616150071478,1.0
2.869524712860659,2.0587003189775723,1.0
1.2415924161140557,-0.7428581887187289,0.0
4.74015203883679,3.2917100614168286,1.0
0.6093184496074169,0.9761928181313946,0.0
3.7397601144277672,4.814654519391862,1.0
5.145008657755557,4.3108763754330335,1.0
3.7119456237047417,3.152090866657389,1.0
3.790564039718243,3.7053156423278586,1.0
-0.37106957192451007,0.9613860386645146,0.0
1.156577773002534,-0.6879867461010194,0.0
2.724885295993421,2.1818625858640273,0.0
-0.635521111540754,0.18731897259146135,0.0
4.7038787208366575,3.395012282078391,1.0
3.925051131868013,3.4782235518140094,1.0
-0.5468932590531133,2.284133419799222,0.0
6.241866502543306,3.753512879402855,1.0
2.252685862493067,1.1514579635908064,0.0
3.7854215393104216,3.8052112508517055,1.0
1.4825753564061965,1.0886360235310377,0.0
1.2856298770557464,2.1625848949433153,0.0
3.5005797541166945,3.728982099771202,1.0
5.525852040160496,3.601727746406956,1.0
0.7693539069289435,0.48892268114936344,0.0
0.7141871738982803,0.5713669971125788,0.0
4.006011961197258,3.30350137940037,1.0
5.495045138204198,5.374085119967985,1.0
5.173747545223909,4.223539887237845,1.0
1.0756300912683199,0.5761878326933747,0.0
3.3668181830017274,0.4864795273745064,0.0
2.3195540809935205,4.676708195494313,1.0
6.319127317627481,4.308667673187793,1.0
-0.4789328676203628,0.6292154935717089,0.0
1.3781236827006929,0.7888111719800384,0.0
4.154902805889793,4.600676777367916,1.0
3.9730773606528134,2.432551993778824,1.0
2.0544836400558832,3.8769889446795553,1.0
2.6234588679136124,0.7056784334178704,0.0
3.604115845594775,5.083184851031113,1.0
3.371390061090856,3.1519006204941142,1.0
-1.608802678558547,1.364121213238952,0.0
2.9281520519534716,4.7383933628187584,1.0
6.108038008491688,4.91170836698025,1.0
0.48392581853509364,0.35215155840889245,0.0
5.339926309957553,4.02930971094317,1.0
2.5010210012066056,1.1358400545910416,0.0
1.4517183980582695,1.5020300213255755,0.0
3.866199577553309,3.940229120293562,1.0
2.089005778664223,0.623535172494488,0.0
2.8855910776064193,4.059151026885633,1.0
2.788280582363429,4.002668847219552,1.0
1.893094509842831,-0.3565708002954784,0.0
2.6932880914530237,-0.2106641902369062,0.0
1.987389533022896,1.125119912098943,0.0
2.5842467892506127,4.094708311255331,1.0
1.4963333599244772,3.5684061555085815,1.0
3.8500938544053898,3.964671937692553,1.0
-0.602586941712798,-0.5096986994487169,0.0
0.8472273827144344,0.8871261640654202,0.0
1.7332975646875932,0.09016937023877447,0.0
4.620254501513469,2.9314322915321167,1.0
5.621097722610863,3.163699057420622,1.0
0.7695177196288187,1.000372084200339,0.0
3.6128765001807297,4.521309521503057,1.0
2.157609289665727,0.6585494836373422,0.0
4.723216979555678,2.8897192884849314,1.0
1.1936613002919545,2.2568601754799174,0.0
4.266070164000551,6.384967330711097,1.0
4.012358191872833,3.4536823201659805,1.0
3.2950891065262233,4.862025849237026,1.0
-0.10664935848466595,1.4001751044610486,0.0
0.5282412920737425,0.9466922704777166,0.0
6.394703664884535,4.917458937510429,1.0
1.1285388001915526,-0.006668014582712045,0.0
4.469078632280281,2.2159223762488276,1.0
2.0138556637829788,1.5863840336512092,0.0
3.849022947949181,4.017923190893905,1.0
1.7286250673929695,1.0826117623578182,0.0
1.336201470279855,1.8110109346186152,0.0
4.023423217266956,4.218029135750791,1.0
2.539143049384995,0.4492384935345538,0.0
1.899235162381212,2.287535937504402,0.0
0.1921646430344074,2.021284925543809,0.0
-1.7956149403104158,2.0729639883988056,0.0
-0.1365430735810622,0.1967727810846991,0.0
4.026096528136701,3.0302943271952,1.0
0.727789285120022,1.2449129204820908,0.0
4.029400794104724,4.1618127861497545,1.0
4.308892037990861,3.5544728874285196,1.0
2.283184417576959,4.168431969098278,1.0
5.513252226094956,3.8576664117606025,1.0
3.128620517115179,3.03217634404277,1.0
2.7520869375193566,5.559660467910376,1.0
4.419614023971982,3.684667720417697,1.0
3.6808624605769413,2.692640930280394,1.0
5.775203665036091,4.389247272576444,1.0
2.2911149155973423,4.569146243201758,1.0
1.3663520955304271,0.8400452310481314,0.0
1.368225361861311,1.1074722150722516,0.0
4.350598911283831,4.91384806810868,1.0
1.304069800028448,2.8017599221828844,0.0
0.9175899467256148,-1.1700030535581165,0.0
3.7053419237601526,3.8130786941080843,1.0
3.8674264073484945,3.709754191387536,1.0
1.9647655980577892,-0.32979380209511633,0.0
4.52919026780982,3.1038561635303994,1.0
4.148960700976888,4.315111168221667,1.0
1.4570965334339738,0.09573557811583588,0.0
4.848669173599512,4.0609586205646435,1.0
2.9910432317876863,3.853409819654931,1.0
2.572330304993181,3.1197122736791028,1.0
2.8101770660066414,4.93338248080166,1.0
2.957815606214128,0.38203294481814865,0.0
1.317044919456414,0.8964399925419831,0.0
1.9044244159271897,-0.47547086070178723,0.0
4.949562565823739,4.773583248692374,1.0
-0.20217775202206534,0.9952157617285121,0.0
2.51387589968097,3.5478388997595003,1.0
3.0464675823835266,4.588040593808861,1.0
4.961359407667469,3.847149755597867,1.0
0.9291624184403583,0.2613039708880184,0.0
2.1530352505447587,2.491771411794281,0.0
0.6612200620757337,1.16594855709692,0.0
1.5161231391906371,0.397126548289649,0.0
1.48354101032711,1.0872839087488355,0.0
1.1223326919161838,0.26637928342155903,0.0
5.103331257833372,3.4079812786431996,1.0
-0.300259321705022,-0.4608710939395215,0.0
3.6375008168443594,3.8780943088381115,1.0
0.9371045075731016,2.6158463233109286,0.0
5.202902922260191,4.9705595266688665,1.0
0.20922554308608732,0.3315022183077926,0.0
2.1133375140586863,1.3527035003586398,0.0
4.27578242298838,3.6107184578806875,1.0
3.090980169160177,3.3830626112240685,1.0
0.7908199378386618,0.9501430118409101,0.0
0.993756677201608,0.8476045096019711,0.0
0.2172326396798856,0.8042312484226579,0.0
4.503926901210353,4.188331214581669,1.0
0.3146922941115412,0.8505308871978079,0.0
3.28720056317294,3.739140521445825,1.0
1.379342687112805,1.199996441170821,0.0
-1.2788120033879395,1.6358698273957097,0.0
3.9402973987184677,3.5071369805112353,1.0
-0.5763896169086833,1.6705636739106817,0.0
4.132708295759951,3.523857985072663,1.0
1.3548566259867418,1.0377230137169182,0.0
2.1107518409347614,2.1502690382006593,0.0
-0.38818785606752604,0.5886930053835981,0.0
3.6851827102482067,3.7348622281092365,1.0
3.51725258272754,3.0185745197386846,1.0
4.874976427545839,3.423029682174752,1.0
1.6940710316923102,1.6032768262321617,0.0
4.7583684361272836,2.6023889145306605,1.0
4.587849672255386,5.575342084911933,1.0
4.647285485790548,4.1495644051470775,1.0
2.5057803649034858,3.704102059408096,1.0
0.3966922161134764,0.06716481594043155,0.0
1.6084684602517831,2.461134205678602,0.0
2.095607550004196,0.1534769416120284,0.0
-0.5033711119180326,0.14244918866629797,0.0
5.071201587435835,4.904246032596463,1.0
2.397416872869087,0.6601634806401997,0.0
0.3340564324728078,-0.8915760326082642,0.0
5.6740755455912115,5.163723700168369,1.0
3.774875221869063,5.132185520442966,1.0
2.614957696559693,-0.42645157299442515,0.0
1.846597590834108,-0.9791568346051165,0.0
2.3247708493888806,0.24935368392805846,0.0
1.6600500391515673,1.2979747617667772,0.0
2.7478271725504806,1.0897358981262255,0.0
5.093526628875739,3.6895105113407602,1.0
2.2889288028457355,4.6122973124985505,1.0
1.1250893699064854,1.4263186123592309,0.0
0.549646194044658,0.7521114571310705,0.0
0.0492020340875311,1.3605841168344095,0.0
0.8296077010452463,1.077672560653812,0.0
4.4679119939511125,6.324048745443136,1.0
1.1284615772588162,0.837573108592128,0.0
4.032230226736904,2.7296854903441368,1.0
1.5748994631253985,-0.12365176699767466,0.0
0.3613218749065663,1.019801627819685,0.0
-0.3693488835125298,0.9323944230906109,0.0
1.6572937730009387,-0.27414698205686094,0.0
4.560160376617237,3.622681918235622,1.0
0.9790918392218763,0.9073393675139296,0.0
3.947098706430456,1.3245279776799612,0.0
4.409715396326216,2.57201248944295,1.0
1.6142777463152045,1.3991676658622927,0.0
4.493294453083392,4.232256999140533,1.0
3.8058974677899444,2.253264157504262,1.0
3.4503523795471214,4.187456441691449,1.0
4.440129021359856,3.057569981617376,1.0
0.6810453325080255,1.5325939354692073,0.0
3.116059236276956,5.011886741683785,1.0
2.2244083290480043,-0.06761888753765688,0.0
3.250752764706739,4.686848405988968,1.0
-0.4453118819088593,1.0202352405692832,0.0
0.9446084599655458,-0.731870455650923,0.0
4.646758337287712,3.3264981859803346,1.0
0.3283269453008659,1.2340283342337863,0.0
-0.0036432039150702256,-0.013416326507580623,0.0
4.50240580745384,4.611422811459214,1.0
3.492470006554531,3.640956176715024,1.0
3.534016110385069,4.067767263200854,1.0
4.388578019972155,4.213784719725254,1.0
3.939400441642886,4.217228216690118,1.0
3.415544843374632,4.6020222707537135,1.0
-0.7848019620503461,1.3586889215977234,0.0
4.5533964303223815,4.827862607135732,1.0
5.079008489778585,3.735824329095414,1.0
-0.04014245350578327,-0.8811209972571392,0.0
2.573291157521207,4.512802797795482,1.0
-1.2497548724376495,1.1841710144076325,0.0
1.1758388883083932,1.7376752998691922,0.0
0.9636795250607533,1.575290698637824,0.0
4.228630130124659,4.445137612830348,1.0
3.425945928043242,3.1765013493954037,1.0
0.682330947698575,4.895279583530071,1.0
1.2802215379817197,1.1027153414172324,0.0
4.582894819334754,4.6138930723777145,1.0
-0.07023054540931906,0.07560749774994624,0.0
4.237045620761331,4.2364442690271975,1.0
1.2137303092853176,2.1141368378383083,0.0
1.889752362416588,0.8362248955124506,0.0
2.843536347257877,3.614539098118583,1.0
4.503189181636489,5.194350602463246,1.0
3.6767987675269946,4.664145606928328,1.0
3.746333278170182,5.254879840194763,1.0
-0.4590012222879314,-0.49441865706869104,0.0
4.346351576613855,4.94236449745681,1.0
5.620669856558999,5.674336400260316,1.0
3.8409104354262467,3.6200448581235247,1.0
1.8786007205133453,0.7511822860541062,0.0
2.6257150623515555,4.423824557463014,1.0
0.45360502637893907,-0.8701798697380063,0.0
4.23935293131051,2.7928626970188706,1.0
3.4185423766433747,-0.4434517280875867,0.0
0.7649126943505651,0.13713479239638193,0.0
0.5830420827526044,1.2017939850342816,0.0
0.5531591183633975,-0.05570197796668319,0.0
4.548177513169198,2.8482795041899593,1.0
3.9107839858550673,3.7996397058099585,1.0
0.9407681026204379,0.35553728323006306,0.0
3.3323087241481515,-0.036574190194901046,0.0
2.00994355433681,1.007193851122191,0.0
4.8063909938041345,4.749548144597526,1.0
0.9626909956141301,0.08334622429892158,0.0
4.5107144113978626,4.414297641194009,1.0
3.6803290340082486,4.322392506817691,1.0
5.082441000191701,3.2919064000490748,1.0
0.3838666090503583,-0.29352878647649794,0.0
0.2710546565017492,2.084228225603737,0.0
3.918646567084914,4.843144904998185,1.0
0.314536131102491,1.27617983202461,0.0
5.0185992395608565,2.3334777682500665,1.0
2.55777035146774,-1.1792578305600299,0.0
5.10770823478265,4.244543976647989,1.0
0.965865123763417,1.5494091432794728,0.0
3.3856951536624638,4.837081775372804,1.0
1.7544426367907517,4.118742437714275,1.0
0.054714731091013435,1.3303230995808097,0.0
4.805306928124245,5.219424837790314,1.0
2.914421361526924,4.951745964114985,1.0
1.4205601664926812,1.8258827209877082,0.0
2.155908419156807,1.6823616529845693,0.0
0.39974985114986006,0.8606747434632758,0.0
3.5347067993330987,3.8285826657292814,1.0
1.3891859347645095,-0.14888046583535286,0.0
1.6978137265347923,0.057923027928333704,0.0
4.052723472602928,5.528663572937588,1.0
1.0540224448323994,1.2465627203579008,0.0
0.6578155881065071,2.3353295928791202,0.0
0.25946940643959937,0.9822487006648984,0.0
2.300699909060326,1.235347496364535,0.0
0.15458232277868456,1.1648232887800078,0.0
3.1580259087832174,4.89222755615464,1.0
1.6318005548311656,0.19438506548709078,0.0
2.876895964775617,3.6112720531451887,1.0
3.045674473734948,4.794839249432287,1.0
2.9548674624855624,3.201991182327756,1.0
1.0974123182848639,1.3280074630447944,0.0
3.6093679209046234,5.422112277528609,1.0
1.5578456765772515,1.3399391056519443,0.0
1.788401245416121,-0.04347083251952677,0.0
0.16851962158741873,0.20514932292156896,0.0
-1.2757170364952342,1.2634879416488878,0.0
0.8882676216838442,3.5873341994312358,0.0
2.9905556976260974,2.0535263507390313,0.0
0.659701706884829,0.9897357588304221,0.0
-0.8396450343709636,3.0801337169773766,0.0
3.30500551363807,3.682817726476145,1.0
0.261394026697942,-0.2852772070735081,0.0
2.2734431783698756,1.2189244993155819,0.0
5.18685314109978,2.8888331639922047,1.0
4.838379908571805,4.412244118797865,1.0
5.279689347091832,3.5839380487423282,1.0
3.9741415783018827,2.8756577796491496,1.0
3.713997992340346,3.13724170060299,1.0
2.3996710256063793,2.2820154523771112,0.0
0.959605339557296,0.3785288668725185,0.0
2.692249785984073,-1.1096978345575748,0.0
0.8852111504588591,-0.48911073516236825,0.0
0.5438274727650725,2.114209414728898,0.0
5.308487154516838,6.662577473831105,1.0
2.364413381990839,4.244798088545986,1.0
3.7923403961964546,5.16358579529187,1.0
1.4336210413128003,0.8600542300963077,0.0
4.15772497720911,5.433636526236333,1.0
0.5187550980367637,1.8457997582333352,0.0
2.373553183590863,2.5412105788968073,1.0
1.1493711296011988,3.0505083219028206,0.0
0.7746910328224299,-0.5459317873093659,0.0
0.5117230333410536,2.921656211824379,0.0
5.0492304714390075,2.500837417937329,1.0
1.4891920141457715,-0.09695353598218093,0.0
2.650974630703574,4.500136850945307,1.0
-0.04984774183526408,1.9738523383726196,0.0
4.383191217547422,6.10560883671752,1.0
1.4151461340963345,0.8684931265040816,0.0
0.4369810339944774,0.2722605239062268,0.0
3.9511694886612467,4.39334121708174,1.0
1.0786919056962048,0.023979224297012713,0.0
3.3640307884171623,5.109505228458761,1.0
3.551220860748266,4.487695938177085,1.0
4.161911298264182,2.770437890219821,1.0
1.2057097463003603,1.4477168291302758,0.0
1.2761733891667957,1.5272267060554237,0.0
4.375305551056122,3.916084755818794,1.0
-1.0428441886888242,0.4002558425506536,0.0
2.2827401954706312,1.94770598456244,0.0
4.864518472126949,1.9022081267262547,1.0
2.8592293051572657,3.6138054811566627,1.0
4.87534025779502,3.56838075851799,1.0
2.5798077141284503,0.2392834656100864,0.0
4.436185296532739,3.962082117986966,1.0
-0.5698066098039556,1.3870810985515478,0.0
5.067318112371701,4.235361465008264,1.0
4.92610693666963,3.951942584156291,1.0
0.026215087487595157,1.647183658908839,0.0
0.42267997824522296,1.9619206713353972,0.0
4.266786014983769,4.526014692943146,1.0
3.2635977098224744,4.370967512622881,1.0
-1.7072299332916279,0.2557334098385222,0.0
3.1724899871236985,3.1715287831031613,1.0
2.4221466095179185,4.297027920498204,1.0
3.446681572403536,2.893876763717124,1.0
2.117589824058543,1.8051516628996633,0.0
4.051556487577692,2.8932701318725744,1.0
1.1432344933451672,0.2238569315529667,0.0
0.44291304960147326,1.732733210450159,0.0
3.945525158146298,2.647400485863808,1.0
1.810206470626853,2.1874146331628466,0.0
-0.13572530624341317,-0.48743346817815536,0.0
0.9287825866868605,0.7155078765972269,0.0
0.6820565688616443,0.6904236222432525,0.0
0.921505532222018,1.629113711904119,0.0
4.353192893577618,4.168330163328475,1.0
4.81828683111361,4.200500696406198,1.0
0.8873550563943655,3.782987315125092,1.0
3.375651567447601,2.608933731428487,0.0
2.7258315932084507,4.492167749014713,1.0
0.14966112826061417,0.3255017917861446,0.0
-0.017257987906449168,2.10297649153192,0.0
4.352612957253028,2.7868997399565654,1.0
0.20677756848447582,3.5983470907816923,0.0
5.046182856808264,2.581443970776605,1.0
0.12096815127758753,1.3036510486406545,0.0
1.5488212889351711,-0.04029787891101666,0.0
0.15243612231804893,0.10742927254463974,0.0
-0.6650810462362646,1.259868396391234,0.0
4.794685274336776,3.506859258559055,1.0
4.970167988871644,4.451046213413367,1.0
1.3509420220713881,2.2189261879342808,0.0
3.8605800386253337,5.175507542826367,1.0
3.782865105610126,3.124577623196072,1.0
1.5657913251100046,4.0348804577843245,1.0
3.6608597539365655,4.312169936313222,1.0
-0.26171399931288075,1.9484943831117412,0.0
4.7623123480919105,3.3184425210065784,1.0
4.518209650172604,4.633242754851086,1.0
1.807410535964852,0.48678134269587414,0.0
2.485257920283805,2.1797104862192924,0.0
0.4699778349271506,1.8909785288761352,0.0
2.993687030982147,1.6181711929848355,1.0
2.2127722307124778,-0.4379478108290391,0.0
0.4140402550923167,0.24989023014409428,0.0
4.944041321380193,2.8420600211216036,1.0
5.10255236041662,4.410938417077888,1.0
1.8460075712346748,2.3638078837741157,0.0
-0.38662695570466243,0.4284414373256443,0.0
2.223995586176942,6.05852735957388,1.0
0.19803168075231636,-0.22977835541094294,0.0
3.2929285529328363,4.546664837534534,1.0
4.534224962267124,4.004102038558738,1.0
4.501636536039955,3.0726379019453063,1.0
1.139871957236786,1.9074731968248548,0.0
-0.2799197231588564,-0.5315427467576956,0.0
1.7386870070417542,1.4044514373561405,0.0
1.0521933833046002,-0.6262936236488574,0.0
1.375118931768229,1.5482246285750505,0.0
-0.36618745872062197,2.13901881074273,0.0
2.420747663086215,5.914100729300048,1.0
3.5370982501387136,4.238380908837332,1.0
-0.5915877957042761,1.5243574135714881,0.0
2.5577011173853808,2.3911496371618832,1.0
4.377753085965342,5.614407974145465,1.0
1.8667112508105643,4.746742645614709,1.0
3.5858805026797773,3.871186257916722,1.0
-1.7151412067350509,0.5932227535372967,0.0
2.6672747414813003,3.792430074974137,1.0
1.6604658332693765,0.990105166073826,0.0
1.4629733495790642,2.2610690706470513,0.0
0.22399600615512438,0.4724041773158877,0.0
0.8446115729076695,1.363142820874514,0.0
0.16572610539920019,1.5509010166151609,0.0
2.076556485088707,-0.16030874315743837,0.0
0.43455824303089785,-0.04772783635985811,0.0
3.0510215609459057,3.8986723028255863,1.0
1.67424503521059,1.4887510344192911,0.0
0.9165053354385923,-0.18511261251904854,0.0
0.44749937668769724,0.4487493993588936,0.0
0.3921907692461065,2.690315413741179,0.0
-1.0243148131157174,1.9363711279398301,0.0
-1.184106127480515,1.2850269368650633,0.0
0.8722559215428354,0.9890044174992753,0.0
-0.3990868000754275,-0.12131456161571608,0.0
0.38988827276758686,0.9275377553163563,0.0
-0.17929057392301573,1.0548419879404571,0.0
4.430574453216993,2.655908693053467,1.0
4.600061421245515,3.3568788501172246,1.0
5.0442085567553026,2.0579025960745594,1.0
4.157014983450773,5.358789138983295,1.0
0.787191274765511,-0.33975096062652876,0.0
-0.8555852561337651,1.963663329773691,0.0
-0.7132609476371821,1.8739580576851642,0.0
4.646721846088104,5.309751058368984,1.0
1.7745269280987896,0.37510035964601207,0.0
-1.78733964157979,0.8422382998944257,0.0
4.12614486656578,4.6255819420480755,1.0
0.7711609334871673,0.3134540555539116,0.0
5.217181559143887,4.18264737856905,1.0
4.562921792755507,4.627450968623391,1.0
5.085227073656096,4.356939067005643,1.0
3.2501039701971273,4.815222023286764,1.0
0.7054685863735163,0.010128690707220667,0.0
3.9811006901545496,4.06447821660579,1.0
4.844145630203352,5.01508587402037,1.0
3.633233291025086,2.5686338950411822,1.0
0.7468993171543291,1.5778464643966073,0.0
0.35963566262683766,0.6766731128013033,0.0
4.699746549596307,3.3849289350382112,1.0
2.1644607324335157,4.201938591337585,1.0
0.8376898363984486,0.7531726259089503,0.0
3.126643482552448,3.2029230461339746,1.0
0.2157899990117279,0.5912415440765886,0.0
4.312269976120857,4.156715587432187,1.0
1.1418163478965526,-1.8055157049487556,0.0
3.1063600474273807,3.9589874950970767,1.0
-0.0683716113615076,1.3150110178972387,0.0
4.709195750205899,5.288057696708551,1.0
1.7844504535368495,0.78901614089111,0.0
4.377397005427053,3.4933406189126157,1.0
1.29318878499444,0.8593310219980375,0.0
4.714837742332186,3.9268721605564583,1.0
5.7283885855092995,3.7662574015243817,1.0
4.26551158569212,4.108548525714969,1.0
1.7796840128753422,2.0303728817968185,0.0
4.071185370439866,2.905064013695536,1.0
3.335369832610899,-0.2423348162180503,0.0
0.4382884746767878,2.7104348809352965,0.0
-0.3498246093722792,0.1772762342007299,0.0
4.030407754931568,2.2211668402442495,1.0
4.571007365708325,4.254069456138528,1.0
3.3422719298987698,6.111098536768399,1.0
4.369216011296757,4.904773921257817,1.0
-0.452458875381444,1.5779445156965664,0.0
4.44774738649522,4.011616627120643,1.0
3.177632402169335,2.4134482391521512,1.0
3.4316848298009424,5.009196039658984,1.0
5.810353336475437,2.6088679431916297,1.0
3.0211385910058643,4.276403139232246,1.0
0.29154300574062275,0.9869442849314147,0.0
-0.2842155516609295,0.5339073094527178,0.0
4.135619704043064,3.7846562749528494,1.0
-1.6135564758811558,-0.8792113628250076,0.0
1.1704350121907137,1.7607125757421271,0.0
2.6047068731687726,3.2380428092745683,0.0
-0.7430240679862077,0.6996434975615902,0.0
1.0206992156985806,0.7427698134559648,0.0
0.1694494052762915,1.883942113743907,0.0
2.2197652303152395,0.890406137555519,0.0
2.13073182169662,3.3097701553833154,1.0
3.8443503098461127,3.052496863755933,1.0
0.5805071056986313,2.270656646192748,0.0
3.7024698024692446,4.348145445363728,1.0
3.5611011782590665,4.223240677962784,1.0
2.334832623697819,1.4399224089887093,0.0
3.1954088577300457,3.787302361289488,1.0
5.079730677795707,3.5371591144037313,1.0
-0.4094056504807264,2.0353512398485383,0.0
-1.3485628999692532,1.584531884129168,0.0
3.1403304106468886,4.2715703859431375,1.0
6.013521641439951,3.917401645466112,1.0
2.0649404814883052,-0.19090810184674045,0.0
1.2077959604367479,1.739307148153596,0.0
1.1586282871337674,0.2535841591351238,0.0
2.2676785779230686,3.1261982828102095,1.0
1.0401077090863848,0.3507897383740314,0.0
0.2805064456763917,-1.3289384554079722,0.0
2.4419022752451855,3.645465277907141,1.0
3.760043701171095,3.304943354592664,1.0
3.9013837073795465,3.7889778067544753,1.0
5.064128646033858,3.9787350812894404,1.0
1.02505690603144,1.2178801457641397,0.0
2.9537125698314934,1.8922839710768957,0.0
3.8564575603789235,3.9175194387528727,1.0
2.8105312618524607,1.2875472414351556,0.0
4.396725993091632,3.423883139125455,1.0
1.7867724191477274,1.4595717586698178,0.0
3.5999720171321505,5.132525487132304,1.0
3.0073675158403583,3.3176585264712064,1.0
-0.11147772878176898,0.6929047892994636,0.0
0.10075740927783328,0.24709578275821797,0.0
1.6360404905198904,0.9543690320063405,0.0
1.2374009049288537,-0.14666087825911367,0.0
3.5926955325691114,2.267671227193087,1.0
0.6194345468435176,1.7023228430371125,0.0
3.839034451659368,3.686501244201044,1.0
5.218148850351048,3.9434792769174094,1.0
3.6778829820988466,5.502972012860246,1.0
2.2057759201195806,3.219321864260588,0.0
1.371360820804263,1.3243965132821731,0.0
5.042891712759636,4.784855734604314,1.0
4.957711239687686,4.815220681428419,1.0
4.224227439535957,4.833514688174584,1.0
4.653662314329918,1.8233913653469984,1.0
0.5055357365305522,0.9746535387991349,0.0
4.326301219438057,4.14883579240552,1.0
-0.6327443772505441,-0.3390421760551068,0.0
0.12909110945585522,0.9482629294776977,0.0
3.3344958004605827,3.0244556144954395,1.0
1.0232328561319854,1.2975855463050636,0.0
1.1189550762316824,0.3035817473471665,0.0
2.6295869409881405,2.5866938990699877,0.0
0.6342539253823434,0.9165884344028368,0.0
4.938668092690342,2.453614993582918,1.0
2.3080320712231917,4.616450922404873,1.0
4.50427147711346,4.804267357691739,1.0
3.819521998857281,-0.1356085730596921,0.0
-0.4564195396378259,-0.07653300136829522,0.0
3.9892553028081283,5.348596743537673,1.0
3.4272710762273686,4.27477511274596,1.0
1.1923267076662256,-1.8294678776686135,0.0
0.7284357298494082,2.2450587463616065,0.0
-0.770879404492866,0.3024029346886904,0.0
1.0842159330855456,1.0684190419897142,0.0
1.3050000200541754,0.321906157901656,0.0
0.45822191765578146,1.2997818362911864,0.0
1.6312679399187466,1.2641932329970587,0.0
4.732074266881011,5.606829163235261,1.0
3.9233949932806604,3.335762671720802,1.0
0.5276982990156045,1.6590815566614245,0.0
2.4625550628869526,2.367838607761527,0.0
3.803172285322418,3.991832212417982,1.0
1.6831095242052039,0.2925093288350973,0.0
3.973294218477879,6.206561866039534,1.0
1.9869578500682468,1.5328079458599742,0.0
1.7909606620965868,1.094958121072565,0.0
3.6681722514198567,5.440697401878555,1.0
4.724829790905619,3.437013945235088,1.0
3.8418832703646086,3.5436848208388803,1.0
4.36180667979216,4.6032809543347755,1.0
1.180288798351017,0.9550535855604023,0.0
0.2553086803982262,2.373917713688663,0.0
4.5706934550173095,3.4871248076485895,1.0
1.4543777616058688,-0.1987335803058572,0.0
3.537460882746419,4.218558831941771,1.0
3.783475068136048,2.8207954976838634,1.0
4.840366157469656,3.774801162315827,1.0
0.563499015256701,0.13917904803318248,0.0
3.8025143749264307,1.6232422222409828,1.0
3.8556332369730364,3.5998616480142713,1.0
5.1083305038411275,3.387178302505217,1.0
3.419575065069428,3.286931929186776,1.0
2.792330759545721,1.992024807382689,1.0
2.003992177415845,1.3379782302544514,0.0
-0.8337566772602516,0.911486463071364,0.0
3.155264202591069,3.1943904507989025,1.0
-0.12384125640917798,1.2504818305412386,0.0
4.109433255782546,4.215277935019268,1.0
-1.3932674975859927,0.037273515275558666,0.0
3.447764723422121,4.8376369204358,1.0
4.395249524273503,3.5059218518622863,1.0
1.9296331401553801,0.02734152242651333,0.0
0.03211173332774375,2.350668226430858,0.0
-0.5318651926253113,0.23815142840726378,0.0
3.380054100228696,5.218060109237088,1.0
4.660231551226313,3.6491281085601286,1.0
3.2005829260442726,1.150262351654615,0.0
3.528599917036312,4.349476408667366,1.0
2.422364676541495,1.6361526241237854,0.0
1.2364020560684825,1.0502781335323232,0.0
4.362364516968457,1.945077827676414,1.0
3.9143812650354888,3.800145692839535,1.0
2.542338694843945,1.7532104680407217,0.0
0.7271777600611297,1.6019258293837515,0.0
2.143814519388852,3.7772263008970004,1.0
0.9080844887423458,0.3101509797959848,0.0
0.6805389308483294,1.35877951276572,0.0
1.4086282944617021,-0.00927104675829371,0.0
5.4530925564082064,3.022799414764633,1.0
2.1373501970717754,1.228983169590152,0.0
-0.6142964156579422,0.5067410228780749,0.0
-0.1455063399543175,-0.6241420718023412,0.0
3.5757885792094815,3.9491503499024287,1.0
4.392133801360279,2.1054061123542276,1.0
5.488218392078015,4.140246866805074,1.0
0.6556693157858198,1.769911259365705,0.0
1.965478601700008,1.8434518977619632,0.0
4.715636339359838,3.737052087542776,1.0
3.2585107651203904,4.793741248221596,1.0
2.0739897444819055,0.4572212948343516,0.0
3.077090735151054,4.469751434083043,1.0
1.9423812165340069,-0.7185727441658369,0.0
4.260529355218143,4.198179914376494,1.0
3.8587158553523544,3.9987090694278202,1.0
2.290990423757775,0.8908213968347959,0.0
2.9262021717783346,3.259491640617024,1.0
1.7165403235656276,1.219714108122235,0.0
2.5434156843848092,2.1343624617799897,0.0
2.851370084655213,4.02001545935474,1.0
4.01078142899863,3.0937531792761557,1.0
1.539068221609027,0.7712795401610133,0.0
1.6219937297469063,1.2663162579251703,0.0
6.075048669611219,3.4098134693127773,1.0
4.527039330605815,2.917381392824135,1.0
5.494537610130657,3.925380337085549,1.0
1.776424234538923,-0.4824571639372177,0.0
5.344549423365941,4.4935153172482885,1.0
2.038706898064919,-1.3873608160152626,0.0
3.7678177440559093,3.498271100405133,1.0
3.108548597966358,3.4231066585125514,1.0
1.391723070220335,0.21857587030608272,0.0
4.189419842289393,4.044774685416949,1.0
3.305844389580206,2.659117696408387,1.0
-1.0393197908987073,2.853571564077228,0.0
3.3654459329313915,4.391864483315668,1.0
5.198601830825169,3.6912191862023174,1.0
0.8423566876485253,-0.7832211592381741,0.0
3.733498134970029,3.8287072024149587,1.0
2.6459206989780606,0.9772014966298632,0.0
0.07960007562310434,1.7152466173241083,0.0
2.993431438203991,3.742466375198534,1.0
3.6584883604011553,4.069773714389301,1.0
5.37009922616581,4.454701165018378,1.0
1.0948460003753326,1.6393671497609605,0.0
2.9941351351651813,4.3275753655719,1.0
1.542816077292961,1.0496906873477496,0.0
1.9420443348746437,1.6254912493293925,0.0
-0.17380611908263965,-1.4694943316567706,0.0
3.677636507761038,3.3342342688156763,1.0
3.691105594057005,4.717578257179921,1.0
4.402469093488447,3.6272385835631327,1.0
0.5339854992295932,1.9029266858283393,0.0
2.7429836307021183,2.1799806704576388,1.0
-0.5365066099727451,1.96509973093112,0.0
1.92230120362716,0.8512305307520325,0.0
-0.7112379981093626,0.8088151411143538,0.0
3.272535572368822,5.272724211868113,1.0
-0.04753149701655435,1.8464279315408372,0.0
2.331774515473618,1.4685349536358634,0.0
4.17029469480859,3.2421703476490804,1.0
1.2833900098516395,0.8088477730315433,0.0
5.433901430144375,3.064090501259341,1.0
3.034934329483237,5.028274077982704,1.0
2.0570075777220396,2.2034139450194434,0.0
1.4744844181026326,-0.10422606610460683,0.0
4.1938006105395,4.543235085645158,1.0
1.8011326338387055,1.485042028634989,0.0
4.126873371987543,3.5770448632162535,1.0
6.195596742856674,3.2973562148065896,1.0
1.6490632515024515,2.2609529829029174,0.0
2.435164590830788,2.8429744928943492,1.0
2.3159225970889272,3.896436496213128,1.0
4.661394964585837,4.62338841132193,1.0
4.411602412062843,4.2878104342947285,1.0
3.36700509588231,4.217094869287523,1.0
4.155345694281242,5.1248330650253076,1.0
3.553212359339044,4.184184446273373,1.0
4.090172863945033,3.962551380412999,1.0
3.2482280984363263,3.5662273179303066,1.0
0.48949079411925445,0.31891148127597135,0.0
1.7735870860279483,-0.2164368022303058,0.0
-0.04461335197416161,0.5136795251463695,0.0
4.640702080479602,2.7427972278674972,1.0
4.46949620606677,4.775654221665138,1.0
0.6769317578300358,0.9281297803612591,0.0
3.699596715314941,2.875791136925531,1.0
1.7048966710373765,2.8040706885364823,1.0
1.666825969350954,3.9330504158259423,1.0
2.508606904190398,-0.1889204312202888,0.0
3.6332877932438525,3.004794309050075,1.0
1.1328190588170066,1.5922854311337913,0.0
1.7805124084895945,-0.16177100102758324,0.0
-0.006917354896734285,1.0623259996892922,0.0
2.482203774828873,2.078005096393861,1.0
-0.43907582598501316,1.5122949460766364,0.0
5.862951667320956,2.016363502351031,1.0
2.3349883320783142,1.2282172284597437,0.0
4.713123379797405,5.990225177941622,1.0
0.8224900679012134,1.7952107444973455,0.0
0.0306018473260411,0.28034954140842916,0.0
1.4355827305849367,1.394204928871257,0.0
1.0399699578367425,0.0623190650620552,0.0
-0.023948858210727897,-0.24931221067184328,0.0
5.0208881130508685,4.3518074290526565,1.0
0.5592697675214784,-0.3427948740971547,0.0
5.02784039006683,3.1971103715619793,1.0
0.13653732900299542,0.5135454135633097,0.0
1.4463302491595385,1.3568097224675486,0.0
-0.19189833467791084,2.82211710096585,0.0
1.2572670307134508,1.0516393421807093,0.0
3.3107118424749222,0.9943587630751323,0.0
3.52435486579744,4.792189752695527,1.0
0.44267185871777925,0.3231338707013972,0.0
-1.7213901815421377,0.7593696591517727,0.0
5.54516175991686,3.308312345875435,1.0
2.47496570989565,4.457891973859019,1.0
5.248149296036344,4.732725770226584,1.0
0.791375532876311,0.5265183754379567,0.0
4.054777401935718,3.465193004199681,1.0
6.679910307979315,2.8964778687387738,1.0
2.559427698523777,4.084982871845104,1.0
1.3089036710709745,2.510799652796445,0.0
1.2924910310281943,0.9737567272568507,0.0
2.193432436504316,-0.6012198980257999,0.0
3.564184086130965,4.536268551747575,1.0
3.6983690986122135,3.442098792994874,1.0
1.738624524860483,1.6125915680739347,0.0
3.9248592347642948,3.900291124768782,1.0
2.730180408197117,4.323389929721666,1.0
5.208596226666974,4.264469186750237,1.0
0.6106373247042696,1.1974818149895108,0.0
-0.47506378328359555,-0.0992903000580021,0.0
3.7893310960101116,4.637670855419678,1.0
4.477597650237438,3.2105208600867945,1.0
4.648529415041713,3.9755714610133923,1.0
3.853659194515598,5.058436642505932,1.0
3.316877598923761,3.3409826916647494,1.0
0.12956783283498685,2.369947846739464,0.0
0.7109514487611833,1.1623737706429278,0.0
4.399327373618816,1.4885309009425383,1.0
1.8550579142433214,-0.343720640380341,0.0
5.000638408964072,4.67511199058002,1.0
4.548428066295825,4.603199050230592,1.0
0.02565016548193999,-0.4947869208610378,0.0
-0.1713235641698747,1.8818365616397092,0.0
2.9679350699688687,5.222312389633096,1.0
4.123790034686633,4.982679611656498,1.0
5.438667634932099,2.9963952839235395,1.0
5.4392537284981195,5.382146624990064,1.0
5.167168368404117,3.4280231867122337,1.0
1.2160232220727072,1.1070506134478977,0.0
0.050898328146498084,2.273973361160179,0.0
-0.24433762131660441,1.097794034275166,0.0
1.7935763072711237,0.6090060048202237,0.0
1.1407597520166384,1.3210829052988973,0.0
2.0523607974826388,0.9538701510425266,0.0
3.833599307281539,4.269572423418876,1.0
2.407960298232702,1.163924464556713,0.0
1.5170998983679882,0.7687636353218491,0.0
4.245428983240148,4.251987804089836,1.0
1.0734992121050784,1.253185967553672,0.0
0.004615448861176374,0.5191777732995467,0.0
4.227817363845208,4.249178657886335,1.0
3.7143643530440995,2.8534681242070037,1.0
5.6710664920255205,3.64876002070375,1.0
1.5180909187036993,1.2467810011730016,0.0
3.8143063670798023,3.570556765242202,1.0
5.578553276635645,5.196180070511959,1.0
0.3760227883019446,1.3901990275947442,0.0
3.7040161470607877,4.848208609021656,1.0
3.2773792664938814,4.084139555391751,1.0
2.0622909968677368,1.2428159156998246,0.0
3.1176354631878134,3.9197194196371026,1.0
2.7013982123256186,3.676588282464603,1.0
0.5685960732406689,1.5271086439480215,0.0
0.8097499520154212,1.424936145053121,0.0
4.134820130619137,4.744463421906373,1.0
2.257754408892548,1.7307485193562826,0.0
4.885774857604897,4.264394691630712,1.0
3.684298724833399,4.470432125159391,1.0
3.4298348412933914,4.48896592635138,1.0
1.9613501241388387,1.2452598756093578,0.0
-0.7653633566264577,1.6439750682425163,0.0
1.7624087228754028,0.5386993169382276,0.0
3.2568891623918677,-0.8431809585732397,0.0
4.760959720214595,2.222193253764612,1.0
3.6871712426629104,3.651118081782507,1.0
3.6789772620954952,4.500894966933572,1.0
1.6660608520402795,2.14697896379726,0.0
3.3660344056586617,3.071910685900786,1.0
0.5624215358892635,-0.14090171910260563,0.0
5.01398463074969,3.0298021770237575,1.0
4.411926290534094,3.1358131959797966,1.0
0.6170706321722113,0.21763714971836357,0.0
4.284075380726838,2.6819012294663342,1.0
2.6732918178454055,4.1303783904328695,1.0
6.225049638823195,4.117181420194483,1.0
0.5274588688103597,1.9667388385109001,0.0
5.138441682876716,5.576845492697688,1.0
4.192935984169127,4.004024911987938,1.0
2.8225277011703644,0.032286465678359466,0.0
0.5718193381182459,2.829274985034546,0.0
3.7587611832645766,2.083113406045796,1.0
1.0254824464939214,0.5606444520128442,0.0
4.269853375543749,3.842932748752544,1.0
-0.08496778983797859,0.9311125483445883,0.0
1.734216280939889,0.1372832765075802,0.0
2.4804069101335107,2.1129153413241775,0.0
-0.5381765244895276,0.44230809725612674,0.0
2.3008927701163824,1.5978239177976725,0.0
0.5689900109465492,-0.13558925833481994,0.0
0.9114010145212452,0.36780567223150284,0.0
3.7229296078732466,5.990005512437931,1.0
2.2933549336173042,0.6273632705033917,0.0
3.770053356225277,2.8704488055662085,1.0
1.4234316256109278,0.6182601541853479,0.0
3.5074925365953877,3.248379559077561,1.0
6.671685088912162,4.064445500068059,1.0
-0.21561045457819894,1.9822394896741824,0.0
0.853296466102524,1.5831521706157372,0.0
1.9234330804479574,1.511729279139972,0.0
2.3106747976662385,-0.7565702178504414,0.0
1.7232255734289441,1.2731474416382584,0.0
5.123691253409423,5.672622213307828,1.0
2.3105115724928096,1.2972631681225189,0.0
0.19002175946470057,1.0336601469013111,0.0
4.699300067511667,4.319170242851849,1.0
1.724720238268342,1.7297483435861756,0.0
5.505063062103575,3.5259497423815445,1.0
1.8584052105546989,0.42879867307793207,0.0
2.40424235754018,6.456307823413863,1.0
5.484537001836582,2.920195114214724,1.0
2.609349419802744,2.626757327039143,1.0
1.6002560507847796,2.6797652981606017,0.0
2.2651948659656727,0.08935864170992747,0.0
1.1585431865655051,1.3149359673967806,0.0
4.331591234664783,4.466090638925884,1.0
3.934152152288799,1.868287891518396,1.0
1.1862430666527566,1.053018779263937,0.0
0.432472227289608,1.3066468664268984,0.0
0.1608653601436394,1.8130656271411136,0.0
2.863397788168956,4.135136878448636,1.0
1.3183138445905662,0.5022782862840567,0.0
0.6511955508362693,-0.1346218806633197,0.0
4.4225095587743875,6.222351892819166,1.0
2.1119983335662083,4.527812258802973,1.0
4.7594713311328745,3.9660730003229183,1.0
3.5835513824574243,2.8562235971916783,1.0
1.9106763740074029,1.8568981093091042,0.0
3.6723003014324234,3.4411181065185112,1.0
1.2821431603809175,0.3060870155126185,0.0
-0.4680514368396611,2.2478431180638907,0.0
1.3870744393205685,-0.14577577262693064,0.0
3.6919076082354203,4.384037785498714,1.0
5.254257741028727,3.1097234210030185,1.0
3.609782136069933,4.64245062443402,1.0
4.826998622662265,2.045487879998495,1.0
5.2416521895399635,2.179455873957248,1.0
1.2052925102886323,0.3387773092856591,0.0
2.4450326151505495,2.320816971329216,0.0
-0.7666371975067419,1.3817054007792042,0.0
1.761875566168364,1.050450836128016,0.0
0.6638780672357706,1.1291467861341917,0.0
2.8940696973425517,3.428810120695976,1.0
3.4511514397915954,4.941894580590674,1.0
4.806773362104214,5.717695107371244,1.0
3.4486574319341523,3.9344975877870914,1.0
3.594662625620579,4.716788376270851,1.0
3.7749031496553993,4.070154373773475,1.0
3.8268639089950445,5.1800807557041395,1.0
4.1958933219268575,5.158202523315928,1.0
0.8449667985546463,0.7315366125646268,0.0
-0.6615375215019748,0.3406104946268188,0.0
5.156688930108264,4.609282266282364,1.0
4.784998875541629,3.5677166495063646,1.0
5.275049100933351,3.671167959999974,1.0
3.991411535042821,3.798522584503913,1.0
1.6725848114114386,-0.38753661634419245,0.0
3.3939709236226197,4.190472614446462,1.0
2.6119121317465375,0.7311009569730806,0.0
2.3888213411911994,-0.6273347105667832,0.0
4.371039938388763,5.0016086374538125,1.0
4.452067228573113,4.294069257861882,1.0
3.76960778670538,5.869987824433188,1.0
2.2467673641116575,4.320083786670707,1.0
-0.766849266662673,1.9083957051630722,0.0
4.232796346406355,4.299175395155228,1.0
4.7714697498952425,2.3313673340650714,1.0
4.345375753283114,4.408936200064524,1.0
4.315384307812858,5.137799466951746,1.0
4.455770105979201,3.466826927406877,1.0
4.104743408248602,4.066423818118939,1.0
0.8905478317040567,2.702868341215324,0.0
0.4958148211745236,1.8375890119663079,0.0
3.666898837862165,3.208609229032556,1.0
4.359255487514905,3.483469813463693,1.0
3.4977235578838752,4.067693608649115,1.0
1.0582066160407122,-0.45498036734538827,0.0
3.843906417574012,2.108354603328351,1.0
3.8889195573727022,3.961118866903686,1.0
3.1165390129062542,5.1580515716975635,1.0
0.3828643767410611,2.7184206199789602,0.0
2.1451185372934,0.9501563220648132,0.0
0.5910189420528846,1.1639581645917738,0.0
5.256472263755155,3.268030497998792,1.0
-0.9900541673063323,-0.11316738697207751,0.0
3.171589300504881,3.3746984514429816,1.0
2.4116191840447,3.531269286714984,1.0
-0.9977712753618513,0.292512519021199,0.0
5.214782650080172,5.008282966705224,1.0
1.18399878284899,4.109544426318457,1.0
4.579633055772394,2.9396644725304,1.0
4.086873268548801,2.2202031709287766,1.0
1.7470254002762147,4.204581849133737,1.0
4.133137496871058,5.202743873969904,1.0
1.1276393730337648,1.5242153520430541,0.0
2.9238090325862554,2.9797371510951285,1.0
4.274172780760106,3.4850900775287483,1.0
-0.4770676964300329,1.898707398222252,0.0
5.199629397527989,4.381604601641206,1.0
3.871095714089697,5.915652588918249,1.0
-0.38256544199807885,0.7512429683169045,0.0
0.6941763687778879,0.34128507240626926,0.0
2.153944533172205,2.1120439844925336,0.0
6.175086370099796,4.508623847497349,1.0
1.6339824379814554,0.5019442377081332,0.0
3.1760472837005578,3.697880515544706,1.0
5.373373498515202,4.974920051476344,1.0
1.073088076597635,0.8082139761713769,0.0
-0.879757315166225,-1.862381652099057,0.0
4.913484313775602,3.0029937899122396,1.0
2.0520803219212973,1.0191917814779887,0.0
3.4539641917413277,2.984579091496613,1.0
2.37484804615172,0.5660701542266791,0.0
3.326334426024823,1.1787358472034726,0.0
3.857094461956871,1.9525261360832116,1.0
1.565865402554062,0.8189050219010443,0.0
3.7370338627906206,2.9966120563142615,1.0
1.3867402268209075,0.7220313329390378,0.0
1.0637277011805857,-0.31067173648926416,0.0
0.4928027960430752,-1.1681332689204087,0.0
3.0467201622588185,4.522563942581971,1.0
4.430540278598924,3.5963156600001347,1.0
1.1986431715508168,1.997419630660204,0.0
5.453863641147437,3.593720823303782,1.0
1.0156693138301467,-0.06145728473931644,0.0
1.7940281986663753,0.4403273117133075,0.0
2.8241898410840656,4.49311447756195,1.0
4.603364484099307,4.766959320148877,1.0
2.1283538763447263,-0.058735794852777135,0.0
0.4993171932029886,1.1315330385187976,0.0
0.9404490481326782,1.278609157164735,0.0
0.7051794345089815,0.8059206765029118,0.0
0.855717406458715,-0.20542124247711513,0.0
3.8635607003670294,1.8695723801246134,1.0
0.43385725993179824,1.2853368814278612,0.0
0.5767984830303321,-0.5408216384690367,0.0
3.7400727758308157,2.254377740022819,1.0
4.197272223845526,3.744719545955715,1.0
3.5330414317372116,3.1058552301338427,1.0
3.895656210936573,6.100381056130825,1.0
2.962592964203086,4.843878569647335,1.0
3.2805088841254326,4.013664313177226,1.0
-1.0011960189554552,1.4605654846809994,0.0
4.293062375983203,2.589168573007437,1.0
4.490699574800324,4.313194957307958,1.0
1.8399862011912713,2.042974497593927,0.0
0.38034033410233126,-0.1537869206932485,0.0
3.7210256470656233,4.336971867490841,1.0
1.2113416988186787,0.13301941083837399,0.0
4.025807591506508,6.200966437641787,1.0
4.929111295543352,5.3825374867214,1.0
2.9693917871075053,2.642302439961183,1.0
2.2394596255156847,2.0152996657578246,0.0
0.49569614798242734,1.4169647874449276,0.0
1.0353890487067285,0.17839694436586906,0.0
0.7480667916753063,0.38658590232613177,0.0
1.106920151198195,1.6042953979644987,0.0
1.3113800927692238,0.26936919346590293,0.0
1.4117073726230094,2.029658535246729,0.0
0.23091687968424823,2.4381610722401645,0.0
3.0490510127044064,2.884340849097925,1.0
0.14015846203505666,0.3143609130534888,0.0
4.0669936215507425,4.6358077374485545,1.0
3.059290225007163,3.946405498276902,1.0
-0.16244526113410163,0.8039248635917988,0.0
2.608066568246297,4.485403216619881,1.0
4.756621857728178,3.270600777528749,1.0
0.8619280482236364,1.7661623545302252,0.0
-0.7411845774880761,1.0755644729990372,0.0
-0.4156731298026539,0.043488164498110216,0.0
4.272978561015879,4.806507603258344,1.0
4.004216724519231,5.969044194304239,1.0
3.9364964312304243,4.4805674629550545,1.0
2.7102677447277546,1.2508353214744594,0.0
-1.384259830586855,0.3529756570425169,0.0
2.203192359308333,-0.19814210479448446,0.0
1.5492611374797476,1.6947691076684936,0.0
1.8680994609754689,1.2033393922495446,0.0
0.0907835670139463,0.31388685275150263,0.0
4.702061351595912,3.356733446848621,1.0
3.5055051622176467,6.056741929926364,1.0
5.569927506322124,4.078528815142754,1.0
1.0095610079141568,0.9248433046462168,0.0
0.45025056746344994,0.6966974844667262,0.0
3.469997435736374,4.655596990961653,1.0
1.084068381807147,0.5809508871547272,0.0
3.660051377998981,4.737178981120623,1.0
4.462385550723805,2.780144466199582,1.0
2.5411556236912096,4.477648944263959,1.0
0.5350697044588435,0.1668458982551566,0.0
-0.13711739208063412,3.023841346466959,0.0
0.5299541329805905,1.1563333109775613,0.0
3.6371185806469426,4.643228414098238,1.0
-1.179949970687236,3.08518540505607,0.0
-1.0361399103113973,0.5043687350765743,0.0
4.618749572902047,3.5953142499649227,1.0
0.8850167746012237,1.0506535976762728,0.0
1.4437727456228295,-0.49806384885263033,0.0
0.7356604793093726,0.696807503352493,0.0
4.344068119193102,3.44234555765926,1.0
5.107336148748185,2.662210949030688,1.0
-0.21006779115981922,0.4399926199745643,0.0
1.2067368847096727,2.1220808694253432,0.0
5.158096364195515,4.999760518885932,1.0
1.8173178733566138,2.199685728573318,0.0
1.8873236637845268,0.001022633636677428,0.0
0.3110433797727331,1.785823273849998,0.0
0.134234313333911,0.8622681896915363,0.0
3.9122272538375706,5.917607307200684,1.0
-1.1031138666077056,-0.2291559521654345,0.0
1.4950348118797119,2.030817206834448,0.0
0.4747881544660141,1.8745479917491368,0.0
1.5423441178445618,1.4845890455471862,0.0
-0.044549214325951825,0.8903439870758416,0.0
2.1439527456455103,1.6774320506356943,0.0
3.060566640237449,3.5106627831153485,1.0
-0.24021529263420183,1.8655494542064515,0.0
0.9602329214440881,-0.39343980633761255,0.0
0.1639287583830059,0.3440739648254707,0.0
-0.3659850026118834,1.458389602194608,0.0
0.48984516953378787,1.0497235276338919,0.0
2.0080485858200126,2.803013818728632,0.0
5.300269054946124,2.8539041736618955,1.0
-0.17789518710748586,-0.17389384006455022,0.0
3.5985271806282793,5.342179284255025,1.0
1.5344704590427027,1.213514194831601,0.0
4.533884809310875,4.743974403785924,1.0
4.360255232633808,3.004518954334249,1.0
3.1739282917831027,3.63550007221406,1.0
3.5750792834753127,3.8235580772831192,1.0
0.8160603704499955,-0.1358901535979482,0.0
-1.0992792963414764,2.4096611739578377,0.0
-1.066190589689883,2.464157370541506,0.0
4.649570410630966,3.579900357579739,1.0
5.81778260871434,3.443952658358697,1.0
1.5519478469397456,0.38820141282179244,0.0
0.5377617330490203,1.1415445991942053,0.0
2.191355040847988,-0.5628559537438766,0.0
4.224809770720205,4.517413235586291,1.0
4.615319945000128,3.6554512229227205,1.0
-1.4986526555077888,1.0010204681886143,0.0
1.5007450844420416,1.5265050238412567,0.0
0.9370773045852747,1.8223295525257495,0.0
1.042089583978004,0.7289420809527483,0.0
3.8396429319969334,2.985660823864568,1.0
1.4661767110498745,1.7648622888701249,0.0
5.100129374013329,4.564352526386118,1.0
-0.10476684900135047,1.4500785116534505,0.0
5.097120829263039,3.461422631573943,1.0
4.151927420855874,3.69579982982165,1.0
1.2547007414817903,-1.241871884836108,0.0
2.181823594843736,3.8644761688700235,1.0
1.1435330181853691,2.7235664657279512,0.0
5.5278511193983775,3.350561629092884,1.0
1.938153135404768,1.7959742133660748,0.0
3.468580042412195,4.309762223716409,1.0
2.171526586202758,1.3861413295869478,0.0
1.0667863453033388,2.174656411998416,0.0
0.005128635895044309,0.7438944586572769,0.0
1.184938692230717,3.178621697743455,1.0
1.4735213531311993,0.9941892012917556,0.0
2.6368179125286417,0.10631457504329789,0.0
0.13546801224442573,-1.7526232385278449,0.0
4.142669293583647,3.2159644393648583,1.0
-0.3085993412218895,0.4407497021793235,0.0
-0.7971168290918917,0.17188625418209902,0.0
1.0151323001990333,-0.3240103891662176,0.0
2.7273795937103484,0.45159480005514485,0.0
0.6304552350773742,2.99429172950763,0.0
0.011346169130751926,1.4746901663467318,0.0
1.3868304127398314,-1.7619559279969912,0.0
4.132168149462666,4.946298664243801,1.0
0.936166592182349,0.5282145953014589,0.0
2.784886400831631,4.531561239786487,1.0
3.327976563531654,4.105812082795755,1.0
4.058481305089158,3.556497399442162,1.0
3.772952755073729,3.414219418784423,1.0
6.151970505787845,3.9467751088096796,1.0
3.712370586349419,2.6406894268940007,1.0
0.723909907855057,1.1074501747252876,0.0
1.1643556008286786,0.9165734858863854,0.0
3.8701329095260437,3.7069110607561844,1.0
1.789245588280599,4.256789835019514,1.0
1.062389439590187,0.9189639976685754,0.0
3.3791456680287864,4.728493464624816,1.0
-0.034770574058435866,0.656584311911077,0.0
2.8202609685347975,3.460026507912096,1.0
1.0663586725216883,1.3497487713757388,0.0
4.722504401117886,4.1168770894757385,1.0
3.6117800106784133,4.393571170501461,1.0
0.31981494809365363,0.8385079208614894,0.0
1.8525101225277003,0.0505720117152314,0.0
2.038461466655191,0.2607934263417697,0.0
1.2432026907503038,0.8394339379878886,0.0
4.48500262814728,2.3413952934267055,1.0
0.01895266282048469,2.0839124366578456,0.0
4.7059600441358365,4.722986832552472,1.0
1.2172840191168668,1.350218035190931,0.0
2.3530241591869485,-0.18226985913450777,0.0
3.8359247093226,2.8511877355921396,1.0
4.1174756610266385,2.0925431118755995,1.0
4.212173205075497,3.2556836559739843,1.0
6.494901408132501,3.537552478550791,1.0
2.830285631143356,1.616211819797145,0.0
-0.7121257603317173,1.2821998512262662,0.0
3.571696592320315,3.244584166189583,1.0
4.458800392337199,3.555445978952255,1.0
1.012975608177913,0.638864346865571,0.0
4.947126078175188,2.9776893077226054,1.0
0.1888303250493497,0.34977399637976014,0.0
3.775533230131052,4.071738305669682,1.0
1.3306260672048356,2.4843705223435975,0.0
2.4771542471164567,3.2215964000106436,1.0
-0.057760408044298606,1.6091088195111602,0.0
2.0593342051148382,1.5027883613288984,0.0
2.8440739149297416,3.242660148441705,1.0
4.309606747565654,3.5993428853710787,1.0
3.1595396002178338,5.827610207549409,1.0
5.181769049685938,4.330608946704118,1.0
5.236205326186816,6.465325082061476,1.0
0.4386115992073292,-0.20398159354909629,0.0
4.021043221069701,4.156371521816426,1.0
2.796346508405744,4.209839141871743,1.0
4.273049320095311,2.381429252184205,1.0
2.242032654948651,0.1881324661967282,0.0
4.483016129818471,4.976906030686802,1.0
1.456543829398023,0.474866515203596,0.0
4.183318417872074,3.9885115037318606,1.0
5.0272999364682445,5.794948243670579,1.0
1.0569358853566386,0.07587588311706595,0.0
4.2095510265776594,3.8645215523249163,1.0
-0.1980340575315387,2.129935875149627,0.0
0.5136373509284393,0.8891115295535472,0.0
4.706558653982683,4.077037610445342,1.0
3.2581751612295924,5.105575136158065,1.0
4.535401382228261,4.550844701108554,1.0
4.776392404581048,2.9353763960082286,1.0
2.6024117172766736,4.085892086947669,1.0
1.0580709763200105,2.6870155693581825,0.0
2.8678022623022597,3.08905394419297,1.0
4.171013543955269,4.058755380224011,1.0
0.09035460206063939,2.4297425562702735,0.0
3.963617462197785,3.1529837469551465,1.0
4.03361653458293,3.6334240097553843,1.0
2.5468908972552473,3.0285209279138736,1.0
4.460888452398866,4.6623740117246335,1.0
3.7254838979041023,2.953913310138491,1.0
0.2682882862950724,1.3771690741297216,0.0
4.2800391179542805,3.510017419360503,1.0
3.728752012034219,4.613204184859639,1.0
4.469691983714743,3.6606778824674167,1.0
5.269691281673293,5.397337976617336,1.0
3.685349433284718,4.058657010683811,1.0
1.3465902170915027,0.053138691057869836,0.0
1.9503894731718048,4.409693325529159,1.0
0.9849938297521788,0.5633041710129126,0.0
4.687904725661524,2.466931281709818,1.0
4.991433642357661,2.494008312840442,1.0
1.5472130684831364,1.0146245826943854,0.0
5.720386870303166,4.149422258727868,1.0
2.540348297788615,1.3005531733944822,0.0
1.6646291776770803,1.1502987086350567,0.0
4.57904845018086,3.540074452104196,1.0
-0.48195732479851405,0.23808063082840158,0.0
2.1151498276495224,3.2824877839984543,1.0
5.101136203144325,4.372122545405575,1.0
4.910932388416964,3.1045247640897813,1.0
0.9461583232566034,1.391790376912581,0.0
0.6753618758847141,2.055081936248384,0.0
3.460120928667299,4.708160019926604,1.0
0.33603812235730246,1.1525617651866966,0.0
0.7170584096040796,-0.8582541960912284,0.0
2.7384102610002676,3.780739735997001,1.0
-0.23894918762063022,0.465628991427984,0.0
3.9740946631838137,4.289094203803935,1.0
4.004710544458983,4.147033939883916,1.0
2.1208600027323157,0.5453718220643333,0.0
-0.166459310216599,0.5119584350619072,0.0
4.560321216593957,4.523880030944555,1.0
2.300466914422765,1.5268756475628735,0.0
0.7987702092676578,-0.38630062656410935,0.0
4.421151892963132,6.327135836667106,1.0
0.5802170523301179,2.8060096601320703,0.0
2.491678512836784,4.620600663008613,1.0
2.465592721002229,5.060062885270803,1.0
-0.5753133396880317,1.3597083846525626,0.0
0.5297985120439103,1.6066881542461189,0.0
3.1556575244264233,3.418394333101011,1.0
1.6417888621128451,1.985162537712823,0.0
2.865304677184678,3.192203674270538,1.0
3.121188490513152,2.619784325218833,1.0
2.799021388047506,4.846185095271044,1.0
2.1093743780582503,1.120959253534348,0.0
1.1369943832094476,0.41522908428304517,0.0
2.466433369030605,2.242142082823561,0.0
3.3600373957715024,4.313830521559006,1.0
-0.05237333164626823,1.1490896018047243,0.0
0.3538545494874813,0.0457881312634133,0.0
3.801679496558516,4.124646161460773,1.0
1.4871816159476485,2.1968043678411586,0.0
1.5493747457580116,1.1776221356395282,0.0
2.6572659081527563,2.532235643700766,1.0
3.4271506684322435,3.0389946569499156,1.0
4.048742710513682,2.909821416798458,1.0
4.207329567390122,3.8549354626749226,1.0
4.084009150669593,3.395849695602389,1.0
0.4914372912170972,-1.7103301869634109,0.0
1.1536819174515605,1.1339790401161014,0.0
2.878926458953085,3.1515954515711124,1.0
4.056335779377569,5.465655005086237,1.0
3.3592670568865994,4.084735828330923,1.0
4.1639042526784324,4.829512484397242,1.0
0.1966492767260366,0.41736666957727375,0.0
5.385031875653754,4.163747733396901,1.0
1.1890665037755552,1.7562265474880903,0.0
-0.7088854103603044,1.0047279569079373,0.0
-0.15271317945279406,1.2856183766291442,0.0
5.465512690043697,5.592964290667986,1.0
3.9960278802728224,2.519590058220415,1.0
2.820123986976439,-0.600660678562861,0.0
4.107970297392767,4.191785663642014,1.0
4.4506916822618,3.690564374692021,1.0
0.957809485482389,0.2375388072247644,0.0
4.846674923405812,4.149455494601858,1.0
1.722022233751257,-0.6483699710627151,0.0
1.0321322215786342,0.9298448586219067,0.0
0.5832628346092998,1.747060322440397,0.0
3.425082335947554,3.6398288655705477,1.0
1.5386886715863062,-0.7175730744803464,0.0
2.129250600499276,2.432188990172702,0.0
3.845478225274732,5.8301471501800455,1.0
0.9403314004956512,0.12615175941661327,0.0
2.759751367854439,2.946884026536448,1.0
0.5360561554511036,-0.9532436089370053,0.0
4.514069944618612,3.765332538382964,1.0
1.1210062811608035,1.6332403710674106,0.0
1.537777421035015,1.5887684282072958,1.0
2.4808544930016527,-0.40046114498988183,0.0
1.4613951162151948,0.962135694867184,0.0
-0.7559691478657249,2.203392771714666,0.0
-0.9972730619044134,1.9031744498591445,0.0
4.149351511641666,3.4071550794705208,1.0
5.022516107234136,4.1668102670197324,1.0
1.9647598163084887,3.7095937621010595,1.0
1.9292700942307253,-1.7351310633584291,0.0
4.9800741280019825,1.6044279866082016,1.0
3.8021898826128395,3.9045241681526415,1.0
0.06372335749523472,0.2594044279381341,0.0
4.861514556563385,4.226952471048941,1.0
4.816188820226804,5.825805806443489,1.0
1.1942225922497367,0.11495994257437847,0.0
3.397290194269768,4.052266499412965,1.0
-0.19615898843176338,0.7410273544033148,0.0
3.5609737637799856,4.141104168064432,1.0
1.1090176137680867,-0.29160080989030224,0.0
4.6213359738904805,3.2799144392811033,1.0
4.924747634511922,4.235244764995574,1.0
0.08335389804267601,0.35055434246559847,0.0
3.216224668560992,4.765247307872898,1.0
2.134178315136557,5.170885395472746,1.0
1.3551859844147622,1.7382718496809415,0.0
4.92132043118123,3.427112778222483,1.0
4.213529128419898,5.118030804263471,1.0
-0.1918828308029319,2.724800093751414,0.0
-0.2990523646781693,1.0124439736152742,0.0
-0.23132666708236505,0.7850872233485902,0.0
0.602717410759052,0.2940413544362752,0.0
2.726334903797108,4.240207426710108,1.0
1.1401496625284933,2.123305249284643,0.0
3.5983098646440803,3.51316128492759,1.0
2.7093500991565733,-0.2767378294686602,0.0
5.308473080863478,4.195013279233093,1.0
3.4285097940297846,4.290422256406472,1.0
2.4948110388892353,0.7974718843760206,0.0
2.227489122714371,1.0787975192613601,0.0
3.01793672536671,3.749539180851399,1.0
2.8762457970232838,2.1426418342100813,1.0
1.1434612675231568,0.9300856622689411,0.0
0.8247757337235924,1.915919440858312,0.0
0.9063719504578523,0.9078371397074174,0.0
1.120049126635441,2.54526453856945,0.0
0.29397353649776037,2.8055617545222837,0.0
1.5708630113058506,0.3310590898673932,0.0
4.618948924394426,4.4772343031111985,1.0
3.5330973784649156,3.8209802991336277,1.0
2.4849243206499714,3.4612814682226736,1.0
1.03047220227852,1.4009715652054087,0.0
3.364133226551607,5.573908760480517,1.0
3.3481593932100484,3.9707779589749443,1.0
3.1682007972002912,4.593189231289449,1.0
4.524540735832175,4.533489021449304,1.0
-0.34150924980931374,2.9017149212132805,0.0
1.9020021464305892,-0.06394398754812691,0.0
2.8216620678964697,4.741187405508169,1.0
0.1115493345550328,-0.11042870541263894,0.0
3.0539571667400924,2.9494457198191744,1.0
1.3934511589549308,0.8090650724027425,0.0
-0.3080360813641565,-0.12095528186267357,0.0
1.9631529551645706,0.07905278966000584,0.0
1.5389434019143196,-1.368416272864978,0.0
3.4733919659526773,3.5442180985197433,1.0
5.199534335105417,4.478689253702122,1.0
3.6780572759277694,4.0434026240736225,1.0
4.257610735088389,5.3129227469784315,1.0
-0.4229286364511935,1.1539744964318723,0.0
3.7526663276706467,6.216064445819741,1.0
3.347738641457855,5.422853345250872,1.0
4.754911380643072,2.6870438938328824,1.0
1.8351684264672676,0.9186050514954323,0.0
2.482601173798778,1.4234420548073592,0.0
3.2295883426894254,5.124241915604955,1.0
4.703271070870922,4.79620261200055,1.0
0.9355457074169794,-0.5031964441121497,0.0
1.8659574045716163,2.253368098642942,0.0
2.34481064135234,-0.2586399546816853,0.0
5.908374613598536,3.919474184832575,1.0
3.5361126168113133,3.8861122504639476,1.0
3.073266130215091,4.293493828047768,1.0
4.511345947633853,4.0365310066503195,1.0
2.9507926475463675,0.861853034837831,0.0
3.016271875966483,4.412532715661578,1.0
3.8795622510243155,3.8809447555135126,1.0
0.5367791656321121,0.5153132819799492,0.0
4.433026189953598,5.2030373738122115,1.0
-0.0016882116237824096,0.4716359384849408,0.0
2.1865727126893946,1.887197767088451,0.0
2.611537718512409,4.938995149929557,1.0
0.029086921325069293,2.3914512708165185,0.0
3.1257022137676636,0.14833075571768595,0.0
1.3970745456488154,0.58579115574357,0.0
2.4197622749515566,3.0703357760776524,1.0
2.2169184614334974,0.4821486058086526,0.0
0.5292494965847706,1.105622978894073,0.0
3.4704033242530947,4.066305074556353,1.0
2.15132639482945,3.39484935569336,0.0
4.156872112915513,3.8802052324690544,1.0
2.89079150526319,2.761540607825179,1.0
1.8720046422521388,0.31322523149794923,0.0
5.188137206284372,3.942854783370121,1.0
4.569933542352652,4.609210407747964,1.0
-1.4664922892621286,0.9194538498020123,0.0
-0.295755631283954,-0.2363364126742289,0.0
4.068801470742233,5.4120643044236445,1.0
3.004053037743485,5.527890174824008,1.0
2.4521728798957607,1.877575956704695,0.0
3.511391744451295,3.9070184584099117,1.0
4.538268648334506,4.19519279611719,1.0
0.16298696632174126,0.09187307683587431,0.0
4.338059344711883,5.103872903242984,1.0
4.770418970404164,3.0720924988617524,1.0
3.412737174187569,5.511953849904042,1.0
3.9194548318684266,2.7791577445861955,1.0
2.7661828508922133,3.932828893913042,1.0
2.453696103679171,1.1835198399165396,0.0
2.919403503545545,3.763952648149266,1.0
1.2227482420843123,1.5750297834337292,0.0
2.184537298049065,1.0720688723612293,0.0
1.6821828541619712,0.5581840094315969,0.0
3.8272626350663583,1.7387134061174794,1.0
1.8253923844592048,0.07271346134916834,0.0
4.095763236737718,4.449021730693823,1.0
3.9270330631559554,3.0576068729030617,1.0
-1.24287355798654,1.2895273344088116,0.0
4.472639428574271,4.075658919913848,1.0
5.379338129863194,3.52840538647237,1.0
5.331586504129518,4.715278974398405,1.0
1.7960745310036081,0.3067272800107972,0.0
4.292940724831967,3.5291927485144825,1.0
0.15563436201612135,0.451795331392993,0.0
2.093051375376497,2.4007659332905886,0.0
-0.11547259536233345,0.5054266270673721,0.0
4.406959694166794,4.436534958802955,1.0
0.5339649215208986,1.2968533991713476,0.0
4.038917017453122,2.5683659087063497,1.0
1.5157752446529043,2.769541988910223,0.0
1.4798787829544628,0.47722042230462713,0.0
4.476423980909844,5.541533379498245,1.0
3.3428749124149038,4.600001123726366,1.0
3.891126454703566,5.820780653707214,1.0
0.8978687754937211,0.9343151007351371,0.0
1.5619552901827112,0.6698744294610293,0.0
0.13570526447202702,-0.04802027285256183,0.0
1.9724527738209758,-0.43292220222494104,0.0
4.400209988252348,3.662367662914469,1.0
4.513051197525041,4.643109277086442,1.0
1.9319368239989916,1.7084115960227773,0.0
3.2530276774839555,2.302617712823181,0.0
2.2262262810230187,1.7380787985110087,0.0
1.0506818022875883,0.6404520936339688,0.0
4.906492163745012,4.999254492897871,1.0
3.2064945236947198,0.5062929417619249,0.0
3.9380879705075955,3.246107039252301,1.0
4.07328300892673,5.173732413422804,1.0
3.456044362429269,4.152856962366813,1.0
3.3045465209035125,4.811505681633264,1.0
4.792239483267219,3.208898046901906,1.0
4.060727823545399,3.976958811626752,1.0
0.7549431267648277,2.7099388100554638,0.0
2.9831507407770865,4.485599770388723,1.0
-0.4134240298002887,1.203613484738367,0.0
1.1418360383345627,-0.07364665890822453,0.0
0.551702704751772,1.7936603441823955,0.0
5.006782794214299,4.828614830752722,1.0
5.1526252791101275,4.3722333845315235,1.0
0.14759333759074944,-0.12472996465636554,0.0
2.8211456308365497,3.850867293394328,1.0
3.1644914960297488,4.210450728379387,1.0
3.7772339294977835,4.561872464967968,1.0
4.568167077811111,2.8305323289891833,1.0
-0.5279201235428104,1.1996627372500468,0.0
-0.16968868586458563,2.5927576866584072,0.0
4.064319399754012,3.833594628486264,1.0
1.2526028963589013,-1.2215411894878785,0.0
3.3804442597109015,4.144788617110347,1.0
0.6213718368994565,1.6513363809644606,0.0
1.8216826505817378,1.2607243123773881,0.0
3.9188778161830538,3.4707039190005116,1.0
4.755299957952175,4.8794856905576625,1.0
-0.8095615737175663,0.7465499544688963,0.0
4.38671109089008,5.052463142221066,1.0
4.986597816897998,4.02822736729912,1.0
5.80524557746825,3.925976776032195,1.0
3.8258831966865614,4.3538908780533845,1.0
3.855025483096439,5.441475876064396,1.0
0.3874899486822839,0.5155892853407023,0.0
5.739767092175386,4.547325697277268,1.0
3.402096390826206,2.5670293366675896,1.0
2.2233852028224375,2.155334354187218,1.0
3.0576824171252315,0.9182287957894255,0.0
-1.0896491305559346,1.5928049050336361,0.0
1.9387790779843566,3.02497099692889,0.0
3.3782909255270965,-0.3415695442064177,0.0
0.7955986556703696,5.462710992668504,1.0
0.6386506763575,1.0875015447595437,0.0
4.518433365998074,3.3307133943773746,1.0
0.8894757968509984,-0.6770266400727767,0.0
2.353071677229865,-0.3409128177444787,0.0
4.653668598118298,3.300674369480799,1.0
0.8491744486165598,2.3113377595818125,0.0
4.272717816866085,4.126255475590953,1.0
3.182063623848533,4.209371089362431,1.0
1.482543000909669,0.5392842373012634,0.0
5.0399779577271575,3.509360479418725,1.0
0.4361812332206251,0.2632697401009565,0.0
3.9380837872848913,2.9411517080223435,1.0
1.5575195306031036,-0.24227126083791806,0.0
0.5502393843499647,2.4399961900013123,0.0
0.7020462861645667,1.510636158882067,0.0
3.4634457333952957,4.161260212569625,1.0
1.38668756547351,1.5160210147534914,0.0
2.0833848522862657,1.204551413553871,0.0
6.358157150086603,5.040014585384711,1.0
2.2391416495010112,0.6673001692852223,0.0
2.063796712200266,3.5716138401158246,1.0
2.179268128957429,4.990180250909414,1.0
-0.8719374106402706,0.08212069581571857,0.0
1.4079404806681344,2.4934469891958067,0.0
1.385080121649285,-1.1142429598695704,0.0
1.1096154951598531,0.8206227813622983,0.0
2.9662039324924176,4.680045197988056,1.0
1.8238696171841102,0.5642830483911705,0.0
1.5553862635738227,-0.6938243282939334,0.0
-0.7769717728391627,0.27625587480583325,0.0
4.454844983539163,0.9795732992057461,0.0
5.824668955772265,2.320054617415659,1.0
1.7081822439732472,0.679868333873731,0.0
0.5811539228915933,0.15872154303455444,0.0
-0.4172133934015665,1.9436706925355876,0.0
0.8788132298031247,-0.027630961534755194,0.0
3.5546975891813535,1.5700758848335807,1.0
3.6841746457655664,2.7110641888308784,1.0
0.3980299045395661,1.9503552755979183,0.0
2.4949732523117034,4.477145648523841,1.0
1.841353818000179,1.438390903141917,0.0
-0.21995877199027603,1.3250229926842942,0.0
3.634460432188701,3.4458359794315037,1.0
2.2125205641508416,2.9569035922520817,1.0
2.937293279064014,2.9748579633347907,1.0
4.613978038497205,3.882786528122817,1.0
0.48131987122093545,-0.7128709249315428,0.0
4.19257283919022,4.435450388511247,1.0
0.8399039771425224,1.223532702840831,0.0
3.100378165901228,2.97070050300315,1.0
3.3137843851208855,4.547943926840666,1.0
0.28493534623854067,1.1091051656600905,0.0
1.129970642900805,1.929266457040352,0.0
5.037654189621772,4.045665900241752,1.0
-0.08755283397315217,1.6273601950771206,0.0
4.519942311224914,2.6221241707614436,1.0
0.5755618028072269,0.28624616105656797,0.0
2.652658527225092,5.059528326084444,1.0
2.5791194848457657,3.321053225379959,1.0
0.6624170028824624,2.6015768534286003,0.0
2.672410839915476,5.505019927550579,1.0
0.7216785299732771,1.3099922783621687,0.0
1.6696219432888204,-0.6429757699424761,0.0
1.4792283566577678,-0.0693284292019194,0.0
1.4993033009989687,0.9788407226094533,0.0
-0.9005993984199745,-0.6080754360609393,0.0
2.2946881202853135,0.2653958221133075,0.0
2.3414201189802766,4.288321141341653,1.0
-0.8939316054870077,2.6198734369438115,0.0
3.313725977523703,4.578958496205082,1.0
5.155512283996803,4.699514650904633,1.0
1.0299877807308113,0.024104243747177345,0.0
0.3321811415633088,2.9393287888579707,0.0
0.11171612011120291,2.8209382177436493,0.0
1.2219856506779876,3.6251059683726647,0.0
0.24265492065616623,2.375977197300232,0.0
1.403410033672201,0.9751097995765268,0.0
1.3391160825126147,1.8626833817973014,0.0
-0.08025850277410251,1.0453019033780386,0.0
2.166717592571929,4.284299407760708,1.0
-0.2622709376580121,1.5239238863916007,0.0
4.481704839336081,5.634502674478122,1.0
4.926350750647515,2.219872095166225,1.0
3.466896571166082,2.598422657088124,1.0
0.45469928230165146,1.9680859738254584,0.0
5.15164370383633,3.7844806168354195,1.0
3.7246929848266705,4.238817242438935,1.0
3.1720942232937226,5.633273485287356,1.0
3.018235132951974,2.3965520629978485,1.0
3.929407675838498,4.802850922141055,1.0
3.589076398234211,4.930835634663387,1.0
2.76985808232393,3.635088242864549,1.0
2.040476858516506,2.3722384401975454,0.0
2.7309844739004228,4.7548760707265405,1.0
2.8412823395837328,4.439732674203551,1.0
0.8485302857154875,1.4029884683311666,0.0
4.884367603492543,2.6131774653888584,1.0
1.1048597952810162,0.47035805729087843,0.0
5.383232229535518,4.3462331153511835,1.0
3.0310107492379097,4.864170548301323,1.0
3.120374472720731,3.836495351879647,1.0
5.412157134574382,4.463619730604139,1.0
4.204832588416223,5.983241586238749,1.0
-0.18283599232461833,2.2006592015968782,0.0
3.9535551353386147,2.390499630176211,1.0
3.0271694147097463,5.430490649989778,1.0
4.132917865726203,4.4201907386102155,1.0
2.7592112556664086,0.27685879074841324,0.0
4.438365239169691,3.217656805688662,1.0
1.3485123847643163,0.38169730304975247,0.0
3.928299614182528,4.631838827961775,1.0
4.967119483599008,4.81639085955469,1.0
1.4823220425183403,-0.032305654087804614,0.0
3.3360462117289282,5.202059134280659,1.0
2.674634128252102,4.018548135785696,1.0
5.187917994398266,2.2338349994778124,1.0
1.3151999698930719,2.773992488663996,0.0
-0.06639622898465714,0.5553706068441144,0.0
0.33553397350638936,0.9046876875027888,0.0
1.405895218202175,1.0108666390762246,0.0
0.14501096693888227,1.0990262829357609,0.0
3.9519586747705793,3.519212659867976,1.0
4.004291430934034,3.825399789407059,1.0
2.6242170809578536,3.743384032933156,1.0
4.21726514511804,2.005606230258943,1.0
3.22911298079464,4.371280832634933,1.0
1.6656624663472375,0.5806013204888103,0.0
4.732318683892499,2.9560776340627295,1.0
3.155549124780753,0.3561548708863559,0.0
4.251516850989798,5.257599291186411,1.0
5.288046050706703,2.9959995836505824,1.0
4.604657248106786,1.4986889944154607,1.0
-0.1486495640831873,0.7107797211868392,0.0
1.7971708004325087,2.4397012628377,0.0
0.6486505659276756,1.3328410308947052,0.0
1.1506665662588977,0.593795089269026,0.0
1.9840263971237997,-0.4864619580590763,0.0
4.609160707463409,0.7808580224234012,0.0
4.341453301990723,5.960516650899775,1.0
-0.12152531677355771,1.0322652468713776,0.0
0.5702775750536775,0.39793232305084636,0.0
3.7326828113264314,3.450690985894521,1.0
0.7927543805128539,2.806395851224737,0.0
-0.3459332228499148,0.8748459029186635,0.0
1.7204226002639906,1.3111894622718958,0.0
0.9637748178645276,-0.7673783378883663,0.0
0.1998893708888302,0.20031600560901097,0.0
5.291364628201886,3.4314574834591856,1.0
4.049792365162719,5.020981928071207,1.0
3.238646455467119,4.05911422734597,1.0
2.68760859335594,4.495348507418577,1.0
0.5744498739148798,-0.5520621616303252,0.0
4.2446145202649905,3.8227011773544324,1.0
0.3524411709776495,0.41557412107441327,0.0
5.644761131873372,4.72342919661568,1.0
1.6140374764748113,0.4631407579531225,0.0
4.050330624687206,3.3149317307387016,1.0
4.121942460324659,6.317557074895077,1.0
0.6862389589277171,0.7558907429778025,0.0
2.229660693061922,3.9498593644433053,1.0
5.0068611386248225,3.705573992610057,1.0
3.5992320327947183,3.655985349859125,1.0
-0.18100803760296547,0.8716343410863409,0.0
1.3071547101371637,1.9570950720185694,0.0
2.0881833977227893,1.3596863377716302,0.0
3.9838771133666877,4.392225086429379,1.0
2.272113710224165,1.0098323972018113,0.0
3.43044830670021,2.765066622528975,1.0
4.853234876817914,3.2693850390223993,1.0
4.099149215835244,5.397996377093575,1.0
2.1301276501101647,0.4389135469624702,0.0
3.762995815476519,4.057285150156018,1.0
2.043307935019073,-1.1887265665589153,0.0
2.643681002174622,1.7281405009614745,0.0
2.1934480854744427,0.7103013608041955,0.0
4.815115784748693,5.3170824999276824,1.0
0.532392758976548,-0.3672131774407381,0.0
1.028406556553308,1.2159967970992343,0.0
1.5869228688789123,2.4182384897401974,0.0
5.3778234605578366,5.1845547910741665,1.0
2.403812861775526,1.112328363808277,0.0
1.9774545795644454,0.951670238610813,0.0
1.4126981650422428,-0.1669179567608916,0.0
4.706830454751635,3.2127310737528134,1.0
3.3948960274917854,4.283930919454807,1.0
4.967810416151192,3.1254749553076016,1.0
3.8916400171366203,5.493233329307733,1.0
0.35161133098650843,-0.40796017918886274,0.0
3.0297367344307555,5.18135183178839,1.0
1.6848784306239026,-0.14026774964137934,0.0
5.183789014281516,4.683407260572395,1.0
5.985084591425731,5.744814148339302,1.0
5.45401834243175,3.459743578580145,1.0
3.295379995532405,3.6462372692981444,1.0
0.451614291452217,1.49614493298797,0.0
1.527910115850096,0.6074730196467641,0.0
-1.6768674850889727,0.6679734663889726,0.0
0.9164502482472081,1.7823950595290738,0.0
1.5103249648931436,2.496890443578887,0.0
5.6775827409394,3.416431807807607,1.0
2.9429027660382143,1.3817183415661132,0.0
2.9971557779258684,0.20927267165672603,0.0
0.17619651331677588,1.5147161116716583,0.0
1.5692075347498926,1.0341630392205539,0.0
2.160825421283134,5.109381316780095,1.0
1.412646073240872,1.3863891340951995,0.0
3.1417354919562053,0.7460134876122266,0.0
